modality,metric,count,min,mean,median,max
RGB,bbox_width_pixels,1022,21.00096,58.05096328767123,57.00096,137.99808
RGB,bbox_height_pixels,1022,39.00096,87.026596555773,90.00072,155.99952
RGB,bbox_area_pixels,1022,1637.9654381568,5146.596314372007,4446.0611997696,21527.634240921598
RGB,bbox_relative_area,1022,0.000197478472,0.0006204904892906066,0.0005360316839999999,0.0025954420139999994
RGB,image_dimension_3840x2160,264,,,,
RGB,images,264,,,,
RGB,annotations,264,,,,
RGB,bounding_boxes,1022,,,,
RGB,images_with_0_objects,4,,,,
RGB,images_with_1_objects,4,,,,
RGB,images_with_2_objects,4,,,,
RGB,images_with_3_objects,4,,,,
RGB,images_with_4_objects,4,,,,
RGB,images_with_5_objects,4,,,,
RGB,images_with_6_objects,4,,,,
RGB,images_with_7_objects,4,,,,
RGB,images_with_8_objects,4,,,,
RGB,images_with_9_objects,4,,,,
RGB,images_with_10_objects,4,,,,
RGB,images_with_11_objects,4,,,,
RGB,images_with_12_objects,4,,,,
RGB,images_with_13_objects,4,,,,
RGB,images_with_14_objects,4,,,,
RGB,images_with_15_objects,4,,,,
RGB,images_with_16_objects,4,,,,
RGB,images_with_17_objects,4,,,,
RGB,images_with_18_objects,4,,,,
RGB,images_with_19_objects,4,,,,
RGB,images_with_20_objects,4,,,,
RGB,images_with_21_objects,4,,,,
RGB,images_with_22_objects,4,,,,
RGB,images_with_23_objects,4,,,,
RGB,images_with_24_objects,4,,,,
RGB,images_with_25_objects,4,,,,
RGB,images_with_26_objects,4,,,,
RGB,images_with_27_objects,4,,,,
RGB,images_with_28_objects,4,,,,
RGB,images_with_29_objects,4,,,,
RGB,images_with_30_objects,4,,,,
RGB,images_with_31_objects,4,,,,
RGB,images_with_32_objects,4,,,,
RGB,images_with_33_objects,4,,,,
RGB,images_with_34_objects,4,,,,
RGB,images_with_35_objects,4,,,,
RGB,images_with_36_objects,4,,,,
RGB,images_with_37_objects,4,,,,
RGB,images_with_38_objects,4,,,,
RGB,images_with_39_objects,4,,,,
RGB,images_with_40_objects,4,,,,
RGB,images_with_41_objects,4,,,,
RGB,images_with_42_objects,4,,,,
RGB,images_with_43_objects,4,,,,
RGB,images_with_44_objects,4,,,,
RGB,images_with_45_objects,4,,,,
RGB,images_with_46_objects,4,,,,
RGB,images_with_47_objects,4,,,,
RGB,images_with_48_objects,4,,,,
RGB,images_with_49_objects,4,,,,
RGB,images_with_50_objects,3,,,,
RGB,images_with_51_objects,1,,,,
RGB,images_with_52_objects,1,,,,
RGB,images_with_53_objects,1,,,,
RGB,images_with_54_objects,4,,,,
RGB,images_with_55_objects,4,,,,
RGB,images_with_56_objects,4,,,,
RGB,images_with_57_objects,4,,,,
RGB,images_with_58_objects,4,,,,
RGB,images_with_59_objects,4,,,,
RGB,images_with_60_objects,4,,,,
RGB,images_with_61_objects,4,,,,
RGB,images_with_62_objects,4,,,,
RGB,images_with_63_objects,4,,,,
RGB,images_with_64_objects,4,,,,
RGB,images_with_65_objects,4,,,,
RGB,images_with_66_objects,4,,,,
RGB,images_with_67_objects,4,,,,
RGB,images_with_68_objects,4,,,,
RGB,images_with_69_objects,4,,,,
RGB,images_with_70_objects,4,,,,
RGB,images_with_71_objects,4,,,,
RGB,images_with_72_objects,4,,,,
RGB,images_with_73_objects,4,,,,
RGB,images_with_74_objects,4,,,,
RGB,images_with_75_objects,4,,,,
RGB,images_with_76_objects,4,,,,
RGB,images_with_77_objects,4,,,,
RGB,images_with_78_objects,4,,,,
RGB,images_with_79_objects,4,,,,
RGB,images_with_80_objects,4,,,,
RGB,images_with_81_objects,4,,,,
RGB,images_with_82_objects,4,,,,
RGB,images_with_83_objects,4,,,,
RGB,images_with_84_objects,4,,,,
RGB,images_with_85_objects,4,,,,
RGB,images_with_86_objects,4,,,,
RGB,images_with_87_objects,4,,,,
RGB,images_with_88_objects,4,,,,
RGB,images_with_89_objects,4,,,,
RGB,images_with_90_objects,4,,,,
RGB,images_with_91_objects,4,,,,
RGB,images_with_92_objects,4,,,,
RGB,images_with_93_objects,4,,,,
RGB,images_with_94_objects,4,,,,
RGB,images_with_95_objects,4,,,,
RGB,images_with_96_objects,4,,,,
RGB,images_with_97_objects,4,,,,
RGB,images_with_98_objects,4,,,,
RGB,images_with_99_objects,4,,,,
RGB,images_with_100_objects,4,,,,
RGB,images_with_101_objects,4,,,,
RGB,images_with_102_objects,4,,,,
RGB,images_with_103_objects,4,,,,
RGB,images_with_104_objects,4,,,,
RGB,images_with_105_objects,4,,,,
RGB,images_with_106_objects,4,,,,
RGB,images_with_107_objects,4,,,,
RGB,images_with_108_objects,4,,,,
RGB,images_with_109_objects,4,,,,
RGB,images_with_110_objects,4,,,,
RGB,images_with_111_objects,4,,,,
RGB,images_with_112_objects,4,,,,
RGB,images_with_113_objects,4,,,,
RGB,images_with_114_objects,4,,,,
RGB,images_with_115_objects,4,,,,
RGB,images_with_116_objects,4,,,,
RGB,images_with_117_objects,4,,,,
RGB,images_with_118_objects,4,,,,
RGB,images_with_119_objects,4,,,,
RGB,images_with_120_objects,4,,,,
RGB,images_with_121_objects,4,,,,
RGB,images_with_122_objects,4,,,,
RGB,images_with_123_objects,4,,,,
RGB,images_with_124_objects,4,,,,
RGB,images_with_125_objects,4,,,,
RGB,images_with_126_objects,4,,,,
RGB,images_with_127_objects,4,,,,
RGB,images_with_128_objects,4,,,,
RGB,images_with_129_objects,4,,,,
RGB,images_with_130_objects,4,,,,
RGB,images_with_131_objects,4,,,,
RGB,images_with_132_objects,4,,,,
RGB,images_with_133_objects,4,,,,
RGB,images_with_134_objects,4,,,,
RGB,images_with_135_objects,4,,,,
RGB,images_with_136_objects,4,,,,
RGB,images_with_137_objects,4,,,,
RGB,images_with_138_objects,4,,,,
RGB,images_with_139_objects,4,,,,
RGB,images_with_140_objects,4,,,,
RGB,images_with_141_objects,4,,,,
RGB,images_with_142_objects,4,,,,
RGB,images_with_143_objects,4,,,,
RGB,images_with_144_objects,4,,,,
RGB,images_with_145_objects,4,,,,
RGB,images_with_146_objects,4,,,,
RGB,images_with_147_objects,4,,,,
RGB,images_with_148_objects,4,,,,
RGB,images_with_149_objects,4,,,,
RGB,images_with_150_objects,4,,,,
RGB,images_with_151_objects,4,,,,
RGB,images_with_152_objects,4,,,,
RGB,images_with_153_objects,4,,,,
RGB,images_with_154_objects,4,,,,
RGB,images_with_155_objects,4,,,,
RGB,images_with_156_objects,4,,,,
RGB,images_with_157_objects,4,,,,
RGB,images_with_158_objects,4,,,,
RGB,images_with_159_objects,4,,,,
RGB,images_with_160_objects,4,,,,
RGB,images_with_161_objects,4,,,,
RGB,images_with_162_objects,4,,,,
RGB,images_with_163_objects,4,,,,
RGB,images_with_164_objects,4,,,,
RGB,images_with_165_objects,4,,,,
RGB,images_with_166_objects,2,,,,
RGB,images_with_167_objects,2,,,,
RGB,images_with_168_objects,3,,,,
RGB,images_with_169_objects,2,,,,
RGB,images_with_170_objects,2,,,,
RGB,images_with_171_objects,4,,,,
RGB,images_with_172_objects,4,,,,
RGB,images_with_173_objects,4,,,,
RGB,images_with_174_objects,4,,,,
RGB,images_with_175_objects,4,,,,
RGB,images_with_176_objects,4,,,,
RGB,images_with_177_objects,4,,,,
RGB,images_with_178_objects,4,,,,
RGB,images_with_179_objects,4,,,,
RGB,images_with_180_objects,4,,,,
RGB,images_with_181_objects,4,,,,
RGB,images_with_182_objects,4,,,,
RGB,images_with_183_objects,4,,,,
RGB,images_with_184_objects,4,,,,
RGB,images_with_185_objects,4,,,,
RGB,images_with_186_objects,4,,,,
RGB,images_with_187_objects,4,,,,
RGB,images_with_188_objects,4,,,,
RGB,images_with_189_objects,4,,,,
RGB,images_with_190_objects,4,,,,
RGB,images_with_191_objects,4,,,,
RGB,images_with_192_objects,4,,,,
RGB,images_with_193_objects,4,,,,
RGB,images_with_194_objects,4,,,,
RGB,images_with_195_objects,4,,,,
RGB,images_with_196_objects,4,,,,
RGB,images_with_197_objects,4,,,,
RGB,images_with_198_objects,4,,,,
RGB,images_with_199_objects,4,,,,
RGB,images_with_200_objects,4,,,,
RGB,images_with_201_objects,4,,,,
RGB,images_with_202_objects,0,,,,
RGB,images_with_203_objects,0,,,,
RGB,images_with_204_objects,0,,,,
RGB,images_with_205_objects,1,,,,
RGB,images_with_206_objects,4,,,,
RGB,images_with_207_objects,4,,,,
RGB,images_with_208_objects,4,,,,
RGB,images_with_209_objects,4,,,,
RGB,images_with_210_objects,4,,,,
RGB,images_with_211_objects,4,,,,
RGB,images_with_212_objects,4,,,,
RGB,images_with_213_objects,4,,,,
RGB,images_with_214_objects,4,,,,
RGB,images_with_215_objects,4,,,,
RGB,images_with_216_objects,4,,,,
RGB,images_with_217_objects,4,,,,
RGB,images_with_218_objects,4,,,,
RGB,images_with_219_objects,4,,,,
RGB,images_with_220_objects,4,,,,
RGB,images_with_221_objects,4,,,,
RGB,images_with_222_objects,4,,,,
RGB,images_with_223_objects,4,,,,
RGB,images_with_224_objects,4,,,,
RGB,images_with_225_objects,4,,,,
RGB,images_with_226_objects,4,,,,
RGB,images_with_227_objects,4,,,,
RGB,images_with_228_objects,4,,,,
RGB,images_with_229_objects,4,,,,
RGB,images_with_230_objects,4,,,,
RGB,images_with_231_objects,4,,,,
RGB,images_with_232_objects,4,,,,
RGB,images_with_233_objects,4,,,,
RGB,images_with_234_objects,4,,,,
RGB,images_with_235_objects,4,,,,
RGB,images_with_236_objects,4,,,,
RGB,images_with_237_objects,4,,,,
RGB,images_with_238_objects,4,,,,
RGB,images_with_239_objects,4,,,,
RGB,images_with_240_objects,4,,,,
RGB,images_with_241_objects,4,,,,
RGB,images_with_242_objects,4,,,,
RGB,images_with_243_objects,4,,,,
RGB,images_with_244_objects,4,,,,
RGB,images_with_245_objects,4,,,,
RGB,images_with_246_objects,4,,,,
RGB,images_with_247_objects,4,,,,
RGB,images_with_248_objects,4,,,,
RGB,images_with_249_objects,4,,,,
RGB,images_with_250_objects,4,,,,
RGB,images_with_251_objects,4,,,,
RGB,images_with_252_objects,4,,,,
RGB,images_with_253_objects,4,,,,
RGB,images_with_254_objects,4,,,,
RGB,images_with_255_objects,4,,,,
RGB,images_with_256_objects,4,,,,
RGB,images_with_257_objects,4,,,,
RGB,images_with_258_objects,4,,,,
RGB,images_with_259_objects,4,,,,
RGB,images_with_260_objects,4,,,,
RGB,images_with_261_objects,4,,,,
RGB,images_with_262_objects,4,,,,
RGB,images_with_263_objects,4,,,,
RGB,class_id_0,1022,,,,
thermal,bbox_width_pixels,1006,6.49984,14.180914512922465,12.99968,38.49984
thermal,bbox_height_pixels,1006,9.244672,22.83755285884692,22.755328,42.666496
thermal,bbox_area_pixels,1006,111.99650136064001,328.29695677727045,296.53316272127995,1535.993856
thermal,bbox_relative_area,1006,0.00034178619800000003,0.00100188280266501,0.0009049473959999998,0.00468748125
thermal,image_dimension_640x512,264,,,,
thermal,images,264,,,,
thermal,annotations,264,,,,
thermal,bounding_boxes,1006,,,,
thermal,images_with_1_objects,4,,,,
thermal,images_with_2_objects,4,,,,
thermal,images_with_3_objects,4,,,,
thermal,images_with_4_objects,4,,,,
thermal,images_with_5_objects,4,,,,
thermal,images_with_6_objects,4,,,,
thermal,images_with_7_objects,4,,,,
thermal,images_with_8_objects,4,,,,
thermal,images_with_9_objects,4,,,,
thermal,images_with_10_objects,4,,,,
thermal,images_with_11_objects,4,,,,
thermal,images_with_12_objects,4,,,,
thermal,images_with_13_objects,4,,,,
thermal,images_with_14_objects,4,,,,
thermal,images_with_15_objects,4,,,,
thermal,images_with_16_objects,4,,,,
thermal,images_with_17_objects,4,,,,
thermal,images_with_18_objects,4,,,,
thermal,images_with_19_objects,4,,,,
thermal,images_with_20_objects,4,,,,
thermal,images_with_21_objects,4,,,,
thermal,images_with_22_objects,4,,,,
thermal,images_with_23_objects,4,,,,
thermal,images_with_24_objects,4,,,,
thermal,images_with_25_objects,3,,,,
thermal,images_with_26_objects,4,,,,
thermal,images_with_27_objects,4,,,,
thermal,images_with_28_objects,4,,,,
thermal,images_with_29_objects,4,,,,
thermal,images_with_30_objects,4,,,,
thermal,images_with_31_objects,4,,,,
thermal,images_with_32_objects,4,,,,
thermal,images_with_33_objects,4,,,,
thermal,images_with_34_objects,4,,,,
thermal,images_with_35_objects,4,,,,
thermal,images_with_36_objects,4,,,,
thermal,images_with_37_objects,4,,,,
thermal,images_with_38_objects,4,,,,
thermal,images_with_39_objects,4,,,,
thermal,images_with_40_objects,4,,,,
thermal,images_with_41_objects,4,,,,
thermal,images_with_42_objects,4,,,,
thermal,images_with_43_objects,4,,,,
thermal,images_with_44_objects,4,,,,
thermal,images_with_45_objects,4,,,,
thermal,images_with_46_objects,4,,,,
thermal,images_with_47_objects,4,,,,
thermal,images_with_48_objects,4,,,,
thermal,images_with_49_objects,4,,,,
thermal,images_with_50_objects,3,,,,
thermal,images_with_51_objects,1,,,,
thermal,images_with_52_objects,1,,,,
thermal,images_with_53_objects,1,,,,
thermal,images_with_54_objects,1,,,,
thermal,images_with_55_objects,4,,,,
thermal,images_with_56_objects,4,,,,
thermal,images_with_57_objects,4,,,,
thermal,images_with_58_objects,4,,,,
thermal,images_with_59_objects,4,,,,
thermal,images_with_60_objects,4,,,,
thermal,images_with_61_objects,4,,,,
thermal,images_with_62_objects,4,,,,
thermal,images_with_63_objects,4,,,,
thermal,images_with_64_objects,4,,,,
thermal,images_with_65_objects,4,,,,
thermal,images_with_66_objects,4,,,,
thermal,images_with_67_objects,4,,,,
thermal,images_with_68_objects,4,,,,
thermal,images_with_69_objects,4,,,,
thermal,images_with_70_objects,4,,,,
thermal,images_with_71_objects,4,,,,
thermal,images_with_72_objects,4,,,,
thermal,images_with_73_objects,4,,,,
thermal,images_with_74_objects,4,,,,
thermal,images_with_75_objects,4,,,,
thermal,images_with_76_objects,4,,,,
thermal,images_with_77_objects,4,,,,
thermal,images_with_78_objects,4,,,,
thermal,images_with_79_objects,4,,,,
thermal,images_with_80_objects,4,,,,
thermal,images_with_81_objects,4,,,,
thermal,images_with_82_objects,4,,,,
thermal,images_with_83_objects,4,,,,
thermal,images_with_84_objects,4,,,,
thermal,images_with_85_objects,4,,,,
thermal,images_with_86_objects,4,,,,
thermal,images_with_87_objects,4,,,,
thermal,images_with_88_objects,4,,,,
thermal,images_with_89_objects,4,,,,
thermal,images_with_90_objects,4,,,,
thermal,images_with_91_objects,4,,,,
thermal,images_with_92_objects,4,,,,
thermal,images_with_93_objects,4,,,,
thermal,images_with_94_objects,4,,,,
thermal,images_with_95_objects,4,,,,
thermal,images_with_96_objects,4,,,,
thermal,images_with_97_objects,4,,,,
thermal,images_with_98_objects,4,,,,
thermal,images_with_99_objects,4,,,,
thermal,images_with_100_objects,4,,,,
thermal,images_with_101_objects,4,,,,
thermal,images_with_102_objects,4,,,,
thermal,images_with_103_objects,4,,,,
thermal,images_with_104_objects,4,,,,
thermal,images_with_105_objects,4,,,,
thermal,images_with_106_objects,4,,,,
thermal,images_with_107_objects,4,,,,
thermal,images_with_108_objects,4,,,,
thermal,images_with_109_objects,4,,,,
thermal,images_with_110_objects,3,,,,
thermal,images_with_111_objects,4,,,,
thermal,images_with_112_objects,4,,,,
thermal,images_with_113_objects,4,,,,
thermal,images_with_114_objects,4,,,,
thermal,images_with_115_objects,4,,,,
thermal,images_with_116_objects,4,,,,
thermal,images_with_117_objects,4,,,,
thermal,images_with_118_objects,4,,,,
thermal,images_with_119_objects,4,,,,
thermal,images_with_120_objects,4,,,,
thermal,images_with_121_objects,4,,,,
thermal,images_with_122_objects,4,,,,
thermal,images_with_123_objects,4,,,,
thermal,images_with_124_objects,4,,,,
thermal,images_with_125_objects,4,,,,
thermal,images_with_126_objects,4,,,,
thermal,images_with_127_objects,4,,,,
thermal,images_with_128_objects,4,,,,
thermal,images_with_129_objects,4,,,,
thermal,images_with_130_objects,4,,,,
thermal,images_with_131_objects,4,,,,
thermal,images_with_132_objects,4,,,,
thermal,images_with_133_objects,4,,,,
thermal,images_with_134_objects,4,,,,
thermal,images_with_135_objects,4,,,,
thermal,images_with_136_objects,4,,,,
thermal,images_with_137_objects,4,,,,
thermal,images_with_138_objects,4,,,,
thermal,images_with_139_objects,4,,,,
thermal,images_with_140_objects,4,,,,
thermal,images_with_141_objects,4,,,,
thermal,images_with_142_objects,4,,,,
thermal,images_with_143_objects,4,,,,
thermal,images_with_144_objects,4,,,,
thermal,images_with_145_objects,4,,,,
thermal,images_with_146_objects,4,,,,
thermal,images_with_147_objects,4,,,,
thermal,images_with_148_objects,4,,,,
thermal,images_with_149_objects,4,,,,
thermal,images_with_150_objects,4,,,,
thermal,images_with_151_objects,4,,,,
thermal,images_with_152_objects,4,,,,
thermal,images_with_153_objects,4,,,,
thermal,images_with_154_objects,4,,,,
thermal,images_with_155_objects,4,,,,
thermal,images_with_156_objects,4,,,,
thermal,images_with_157_objects,4,,,,
thermal,images_with_158_objects,4,,,,
thermal,images_with_159_objects,4,,,,
thermal,images_with_160_objects,4,,,,
thermal,images_with_161_objects,4,,,,
thermal,images_with_162_objects,4,,,,
thermal,images_with_163_objects,4,,,,
thermal,images_with_164_objects,4,,,,
thermal,images_with_165_objects,4,,,,
thermal,images_with_166_objects,2,,,,
thermal,images_with_167_objects,1,,,,
thermal,images_with_168_objects,1,,,,
thermal,images_with_169_objects,1,,,,
thermal,images_with_170_objects,1,,,,
thermal,images_with_171_objects,2,,,,
thermal,images_with_172_objects,4,,,,
thermal,images_with_173_objects,4,,,,
thermal,images_with_174_objects,4,,,,
thermal,images_with_175_objects,4,,,,
thermal,images_with_176_objects,4,,,,
thermal,images_with_177_objects,4,,,,
thermal,images_with_178_objects,4,,,,
thermal,images_with_179_objects,4,,,,
thermal,images_with_180_objects,4,,,,
thermal,images_with_181_objects,4,,,,
thermal,images_with_182_objects,4,,,,
thermal,images_with_183_objects,4,,,,
thermal,images_with_184_objects,4,,,,
thermal,images_with_185_objects,4,,,,
thermal,images_with_186_objects,4,,,,
thermal,images_with_187_objects,4,,,,
thermal,images_with_188_objects,4,,,,
thermal,images_with_189_objects,4,,,,
thermal,images_with_190_objects,4,,,,
thermal,images_with_191_objects,4,,,,
thermal,images_with_192_objects,4,,,,
thermal,images_with_193_objects,4,,,,
thermal,images_with_194_objects,4,,,,
thermal,images_with_195_objects,4,,,,
thermal,images_with_196_objects,4,,,,
thermal,images_with_197_objects,4,,,,
thermal,images_with_198_objects,4,,,,
thermal,images_with_199_objects,4,,,,
thermal,images_with_200_objects,4,,,,
thermal,images_with_201_objects,4,,,,
thermal,images_with_202_objects,2,,,,
thermal,images_with_203_objects,0,,,,
thermal,images_with_204_objects,0,,,,
thermal,images_with_205_objects,0,,,,
thermal,images_with_206_objects,2,,,,
thermal,images_with_207_objects,4,,,,
thermal,images_with_208_objects,4,,,,
thermal,images_with_209_objects,4,,,,
thermal,images_with_210_objects,4,,,,
thermal,images_with_211_objects,4,,,,
thermal,images_with_212_objects,3,,,,
thermal,images_with_213_objects,3,,,,
thermal,images_with_214_objects,3,,,,
thermal,images_with_215_objects,4,,,,
thermal,images_with_216_objects,4,,,,
thermal,images_with_217_objects,4,,,,
thermal,images_with_218_objects,4,,,,
thermal,images_with_219_objects,4,,,,
thermal,images_with_220_objects,4,,,,
thermal,images_with_221_objects,4,,,,
thermal,images_with_222_objects,4,,,,
thermal,images_with_223_objects,4,,,,
thermal,images_with_224_objects,4,,,,
thermal,images_with_225_objects,4,,,,
thermal,images_with_226_objects,4,,,,
thermal,images_with_227_objects,4,,,,
thermal,images_with_228_objects,4,,,,
thermal,images_with_229_objects,4,,,,
thermal,images_with_230_objects,4,,,,
thermal,images_with_231_objects,4,,,,
thermal,images_with_232_objects,4,,,,
thermal,images_with_233_objects,4,,,,
thermal,images_with_234_objects,4,,,,
thermal,images_with_235_objects,4,,,,
thermal,images_with_236_objects,4,,,,
thermal,images_with_237_objects,4,,,,
thermal,images_with_238_objects,4,,,,
thermal,images_with_239_objects,4,,,,
thermal,images_with_240_objects,4,,,,
thermal,images_with_241_objects,4,,,,
thermal,images_with_242_objects,4,,,,
thermal,images_with_243_objects,4,,,,
thermal,images_with_244_objects,4,,,,
thermal,images_with_245_objects,4,,,,
thermal,images_with_246_objects,4,,,,
thermal,images_with_247_objects,4,,,,
thermal,images_with_248_objects,4,,,,
thermal,images_with_249_objects,4,,,,
thermal,images_with_250_objects,4,,,,
thermal,images_with_251_objects,4,,,,
thermal,images_with_252_objects,4,,,,
thermal,images_with_253_objects,4,,,,
thermal,images_with_254_objects,4,,,,
thermal,images_with_255_objects,4,,,,
thermal,images_with_256_objects,4,,,,
thermal,images_with_257_objects,4,,,,
thermal,images_with_258_objects,4,,,,
thermal,images_with_259_objects,4,,,,
thermal,images_with_260_objects,4,,,,
thermal,images_with_261_objects,4,,,,
thermal,images_with_262_objects,4,,,,
thermal,images_with_263_objects,4,,,,
thermal,images_with_264_objects,4,,,,
thermal,class_id_0,1006,,,,
