rgb_frame,thermal_frame,rgb_file,thermal_file,rgb_annotation,thermal_annotation,status
0,1,210417_MtErie_Enterprise_VIS_0003_00000000.jpeg,210417_MtErie_Enterprise_IR_0004_00000001.jpeg,210417_MtErie_Enterprise_VIS_0003_00000000.txt,210417_MtErie_Enterprise_IR_0004_00000001.txt,paired
1,2,210417_MtErie_Enterprise_VIS_0003_00000001.jpeg,210417_MtErie_Enterprise_IR_0004_00000002.jpeg,210417_MtErie_Enterprise_VIS_0003_00000001.txt,210417_MtErie_Enterprise_IR_0004_00000002.txt,paired
2,3,210417_MtErie_Enterprise_VIS_0003_00000002.jpeg,210417_MtErie_Enterprise_IR_0004_00000003.jpeg,210417_MtErie_Enterprise_VIS_0003_00000002.txt,210417_MtErie_Enterprise_IR_0004_00000003.txt,paired
3,4,210417_MtErie_Enterprise_VIS_0003_00000003.jpeg,210417_MtErie_Enterprise_IR_0004_00000004.jpeg,210417_MtErie_Enterprise_VIS_0003_00000003.txt,210417_MtErie_Enterprise_IR_0004_00000004.txt,paired
4,5,210417_MtErie_Enterprise_VIS_0003_00000004.jpeg,210417_MtErie_Enterprise_IR_0004_00000005.jpeg,210417_MtErie_Enterprise_VIS_0003_00000004.txt,210417_MtErie_Enterprise_IR_0004_00000005.txt,paired
5,6,210417_MtErie_Enterprise_VIS_0003_00000005.jpeg,210417_MtErie_Enterprise_IR_0004_00000006.jpeg,210417_MtErie_Enterprise_VIS_0003_00000005.txt,210417_MtErie_Enterprise_IR_0004_00000006.txt,paired
6,7,210417_MtErie_Enterprise_VIS_0003_00000006.jpeg,210417_MtErie_Enterprise_IR_0004_00000007.jpeg,210417_MtErie_Enterprise_VIS_0003_00000006.txt,210417_MtErie_Enterprise_IR_0004_00000007.txt,paired
7,8,210417_MtErie_Enterprise_VIS_0003_00000007.jpeg,210417_MtErie_Enterprise_IR_0004_00000008.jpeg,210417_MtErie_Enterprise_VIS_0003_00000007.txt,210417_MtErie_Enterprise_IR_0004_00000008.txt,paired
8,9,210417_MtErie_Enterprise_VIS_0003_00000008.jpeg,210417_MtErie_Enterprise_IR_0004_00000009.jpeg,210417_MtErie_Enterprise_VIS_0003_00000008.txt,210417_MtErie_Enterprise_IR_0004_00000009.txt,paired
9,10,210417_MtErie_Enterprise_VIS_0003_00000009.jpeg,210417_MtErie_Enterprise_IR_0004_00000010.jpeg,210417_MtErie_Enterprise_VIS_0003_00000009.txt,210417_MtErie_Enterprise_IR_0004_00000010.txt,paired
10,11,210417_MtErie_Enterprise_VIS_0003_00000010.jpeg,210417_MtErie_Enterprise_IR_0004_00000011.jpeg,210417_MtErie_Enterprise_VIS_0003_00000010.txt,210417_MtErie_Enterprise_IR_0004_00000011.txt,paired
11,12,210417_MtErie_Enterprise_VIS_0003_00000011.jpeg,210417_MtErie_Enterprise_IR_0004_00000012.jpeg,210417_MtErie_Enterprise_VIS_0003_00000011.txt,210417_MtErie_Enterprise_IR_0004_00000012.txt,paired
12,13,210417_MtErie_Enterprise_VIS_0003_00000012.jpeg,210417_MtErie_Enterprise_IR_0004_00000013.jpeg,210417_MtErie_Enterprise_VIS_0003_00000012.txt,210417_MtErie_Enterprise_IR_0004_00000013.txt,paired
13,14,210417_MtErie_Enterprise_VIS_0003_00000013.jpeg,210417_MtErie_Enterprise_IR_0004_00000014.jpeg,210417_MtErie_Enterprise_VIS_0003_00000013.txt,210417_MtErie_Enterprise_IR_0004_00000014.txt,paired
14,15,210417_MtErie_Enterprise_VIS_0003_00000014.jpeg,210417_MtErie_Enterprise_IR_0004_00000015.jpeg,210417_MtErie_Enterprise_VIS_0003_00000014.txt,210417_MtErie_Enterprise_IR_0004_00000015.txt,paired
15,16,210417_MtErie_Enterprise_VIS_0003_00000015.jpeg,210417_MtErie_Enterprise_IR_0004_00000016.jpeg,210417_MtErie_Enterprise_VIS_0003_00000015.txt,210417_MtErie_Enterprise_IR_0004_00000016.txt,paired
16,17,210417_MtErie_Enterprise_VIS_0003_00000016.jpeg,210417_MtErie_Enterprise_IR_0004_00000017.jpeg,210417_MtErie_Enterprise_VIS_0003_00000016.txt,210417_MtErie_Enterprise_IR_0004_00000017.txt,paired
17,18,210417_MtErie_Enterprise_VIS_0003_00000017.jpeg,210417_MtErie_Enterprise_IR_0004_00000018.jpeg,210417_MtErie_Enterprise_VIS_0003_00000017.txt,210417_MtErie_Enterprise_IR_0004_00000018.txt,paired
18,19,210417_MtErie_Enterprise_VIS_0003_00000018.jpeg,210417_MtErie_Enterprise_IR_0004_00000019.jpeg,210417_MtErie_Enterprise_VIS_0003_00000018.txt,210417_MtErie_Enterprise_IR_0004_00000019.txt,paired
19,20,210417_MtErie_Enterprise_VIS_0003_00000019.jpeg,210417_MtErie_Enterprise_IR_0004_00000020.jpeg,210417_MtErie_Enterprise_VIS_0003_00000019.txt,210417_MtErie_Enterprise_IR_0004_00000020.txt,paired
20,21,210417_MtErie_Enterprise_VIS_0003_00000020.jpeg,210417_MtErie_Enterprise_IR_0004_00000021.jpeg,210417_MtErie_Enterprise_VIS_0003_00000020.txt,210417_MtErie_Enterprise_IR_0004_00000021.txt,paired
21,22,210417_MtErie_Enterprise_VIS_0003_00000021.jpeg,210417_MtErie_Enterprise_IR_0004_00000022.jpeg,210417_MtErie_Enterprise_VIS_0003_00000021.txt,210417_MtErie_Enterprise_IR_0004_00000022.txt,paired
22,23,210417_MtErie_Enterprise_VIS_0003_00000022.jpeg,210417_MtErie_Enterprise_IR_0004_00000023.jpeg,210417_MtErie_Enterprise_VIS_0003_00000022.txt,210417_MtErie_Enterprise_IR_0004_00000023.txt,paired
23,24,210417_MtErie_Enterprise_VIS_0003_00000023.jpeg,210417_MtErie_Enterprise_IR_0004_00000024.jpeg,210417_MtErie_Enterprise_VIS_0003_00000023.txt,210417_MtErie_Enterprise_IR_0004_00000024.txt,paired
24,25,210417_MtErie_Enterprise_VIS_0003_00000024.jpeg,210417_MtErie_Enterprise_IR_0004_00000025.jpeg,210417_MtErie_Enterprise_VIS_0003_00000024.txt,210417_MtErie_Enterprise_IR_0004_00000025.txt,paired
25,26,210417_MtErie_Enterprise_VIS_0003_00000025.jpeg,210417_MtErie_Enterprise_IR_0004_00000026.jpeg,210417_MtErie_Enterprise_VIS_0003_00000025.txt,210417_MtErie_Enterprise_IR_0004_00000026.txt,paired
26,27,210417_MtErie_Enterprise_VIS_0003_00000026.jpeg,210417_MtErie_Enterprise_IR_0004_00000027.jpeg,210417_MtErie_Enterprise_VIS_0003_00000026.txt,210417_MtErie_Enterprise_IR_0004_00000027.txt,paired
27,28,210417_MtErie_Enterprise_VIS_0003_00000027.jpeg,210417_MtErie_Enterprise_IR_0004_00000028.jpeg,210417_MtErie_Enterprise_VIS_0003_00000027.txt,210417_MtErie_Enterprise_IR_0004_00000028.txt,paired
28,29,210417_MtErie_Enterprise_VIS_0003_00000028.jpeg,210417_MtErie_Enterprise_IR_0004_00000029.jpeg,210417_MtErie_Enterprise_VIS_0003_00000028.txt,210417_MtErie_Enterprise_IR_0004_00000029.txt,paired
29,30,210417_MtErie_Enterprise_VIS_0003_00000029.jpeg,210417_MtErie_Enterprise_IR_0004_00000030.jpeg,210417_MtErie_Enterprise_VIS_0003_00000029.txt,210417_MtErie_Enterprise_IR_0004_00000030.txt,paired
30,31,210417_MtErie_Enterprise_VIS_0003_00000030.jpeg,210417_MtErie_Enterprise_IR_0004_00000031.jpeg,210417_MtErie_Enterprise_VIS_0003_00000030.txt,210417_MtErie_Enterprise_IR_0004_00000031.txt,paired
31,32,210417_MtErie_Enterprise_VIS_0003_00000031.jpeg,210417_MtErie_Enterprise_IR_0004_00000032.jpeg,210417_MtErie_Enterprise_VIS_0003_00000031.txt,210417_MtErie_Enterprise_IR_0004_00000032.txt,paired
32,33,210417_MtErie_Enterprise_VIS_0003_00000032.jpeg,210417_MtErie_Enterprise_IR_0004_00000033.jpeg,210417_MtErie_Enterprise_VIS_0003_00000032.txt,210417_MtErie_Enterprise_IR_0004_00000033.txt,paired
33,34,210417_MtErie_Enterprise_VIS_0003_00000033.jpeg,210417_MtErie_Enterprise_IR_0004_00000034.jpeg,210417_MtErie_Enterprise_VIS_0003_00000033.txt,210417_MtErie_Enterprise_IR_0004_00000034.txt,paired
34,35,210417_MtErie_Enterprise_VIS_0003_00000034.jpeg,210417_MtErie_Enterprise_IR_0004_00000035.jpeg,210417_MtErie_Enterprise_VIS_0003_00000034.txt,210417_MtErie_Enterprise_IR_0004_00000035.txt,paired
35,36,210417_MtErie_Enterprise_VIS_0003_00000035.jpeg,210417_MtErie_Enterprise_IR_0004_00000036.jpeg,210417_MtErie_Enterprise_VIS_0003_00000035.txt,210417_MtErie_Enterprise_IR_0004_00000036.txt,paired
36,37,210417_MtErie_Enterprise_VIS_0003_00000036.jpeg,210417_MtErie_Enterprise_IR_0004_00000037.jpeg,210417_MtErie_Enterprise_VIS_0003_00000036.txt,210417_MtErie_Enterprise_IR_0004_00000037.txt,paired
37,38,210417_MtErie_Enterprise_VIS_0003_00000037.jpeg,210417_MtErie_Enterprise_IR_0004_00000038.jpeg,210417_MtErie_Enterprise_VIS_0003_00000037.txt,210417_MtErie_Enterprise_IR_0004_00000038.txt,paired
38,39,210417_MtErie_Enterprise_VIS_0003_00000038.jpeg,210417_MtErie_Enterprise_IR_0004_00000039.jpeg,210417_MtErie_Enterprise_VIS_0003_00000038.txt,210417_MtErie_Enterprise_IR_0004_00000039.txt,paired
39,40,210417_MtErie_Enterprise_VIS_0003_00000039.jpeg,210417_MtErie_Enterprise_IR_0004_00000040.jpeg,210417_MtErie_Enterprise_VIS_0003_00000039.txt,210417_MtErie_Enterprise_IR_0004_00000040.txt,paired
40,41,210417_MtErie_Enterprise_VIS_0003_00000040.jpeg,210417_MtErie_Enterprise_IR_0004_00000041.jpeg,210417_MtErie_Enterprise_VIS_0003_00000040.txt,210417_MtErie_Enterprise_IR_0004_00000041.txt,paired
41,42,210417_MtErie_Enterprise_VIS_0003_00000041.jpeg,210417_MtErie_Enterprise_IR_0004_00000042.jpeg,210417_MtErie_Enterprise_VIS_0003_00000041.txt,210417_MtErie_Enterprise_IR_0004_00000042.txt,paired
42,43,210417_MtErie_Enterprise_VIS_0003_00000042.jpeg,210417_MtErie_Enterprise_IR_0004_00000043.jpeg,210417_MtErie_Enterprise_VIS_0003_00000042.txt,210417_MtErie_Enterprise_IR_0004_00000043.txt,paired
43,44,210417_MtErie_Enterprise_VIS_0003_00000043.jpeg,210417_MtErie_Enterprise_IR_0004_00000044.jpeg,210417_MtErie_Enterprise_VIS_0003_00000043.txt,210417_MtErie_Enterprise_IR_0004_00000044.txt,paired
44,45,210417_MtErie_Enterprise_VIS_0003_00000044.jpeg,210417_MtErie_Enterprise_IR_0004_00000045.jpeg,210417_MtErie_Enterprise_VIS_0003_00000044.txt,210417_MtErie_Enterprise_IR_0004_00000045.txt,paired
45,46,210417_MtErie_Enterprise_VIS_0003_00000045.jpeg,210417_MtErie_Enterprise_IR_0004_00000046.jpeg,210417_MtErie_Enterprise_VIS_0003_00000045.txt,210417_MtErie_Enterprise_IR_0004_00000046.txt,paired
46,47,210417_MtErie_Enterprise_VIS_0003_00000046.jpeg,210417_MtErie_Enterprise_IR_0004_00000047.jpeg,210417_MtErie_Enterprise_VIS_0003_00000046.txt,210417_MtErie_Enterprise_IR_0004_00000047.txt,paired
47,48,210417_MtErie_Enterprise_VIS_0003_00000047.jpeg,210417_MtErie_Enterprise_IR_0004_00000048.jpeg,210417_MtErie_Enterprise_VIS_0003_00000047.txt,210417_MtErie_Enterprise_IR_0004_00000048.txt,paired
48,49,210417_MtErie_Enterprise_VIS_0003_00000048.jpeg,210417_MtErie_Enterprise_IR_0004_00000049.jpeg,210417_MtErie_Enterprise_VIS_0003_00000048.txt,210417_MtErie_Enterprise_IR_0004_00000049.txt,paired
49,50,210417_MtErie_Enterprise_VIS_0003_00000049.jpeg,210417_MtErie_Enterprise_IR_0004_00000050.jpeg,210417_MtErie_Enterprise_VIS_0003_00000049.txt,210417_MtErie_Enterprise_IR_0004_00000050.txt,paired
50,51,210417_MtErie_Enterprise_VIS_0003_00000050.jpeg,210417_MtErie_Enterprise_IR_0004_00000051.jpeg,210417_MtErie_Enterprise_VIS_0003_00000050.txt,210417_MtErie_Enterprise_IR_0004_00000051.txt,paired
51,52,210417_MtErie_Enterprise_VIS_0003_00000051.jpeg,210417_MtErie_Enterprise_IR_0004_00000052.jpeg,210417_MtErie_Enterprise_VIS_0003_00000051.txt,210417_MtErie_Enterprise_IR_0004_00000052.txt,paired
52,53,210417_MtErie_Enterprise_VIS_0003_00000052.jpeg,210417_MtErie_Enterprise_IR_0004_00000053.jpeg,210417_MtErie_Enterprise_VIS_0003_00000052.txt,210417_MtErie_Enterprise_IR_0004_00000053.txt,paired
53,54,210417_MtErie_Enterprise_VIS_0003_00000053.jpeg,210417_MtErie_Enterprise_IR_0004_00000054.jpeg,210417_MtErie_Enterprise_VIS_0003_00000053.txt,210417_MtErie_Enterprise_IR_0004_00000054.txt,paired
54,55,210417_MtErie_Enterprise_VIS_0003_00000054.jpeg,210417_MtErie_Enterprise_IR_0004_00000055.jpeg,210417_MtErie_Enterprise_VIS_0003_00000054.txt,210417_MtErie_Enterprise_IR_0004_00000055.txt,paired
55,56,210417_MtErie_Enterprise_VIS_0003_00000055.jpeg,210417_MtErie_Enterprise_IR_0004_00000056.jpeg,210417_MtErie_Enterprise_VIS_0003_00000055.txt,210417_MtErie_Enterprise_IR_0004_00000056.txt,paired
56,57,210417_MtErie_Enterprise_VIS_0003_00000056.jpeg,210417_MtErie_Enterprise_IR_0004_00000057.jpeg,210417_MtErie_Enterprise_VIS_0003_00000056.txt,210417_MtErie_Enterprise_IR_0004_00000057.txt,paired
57,58,210417_MtErie_Enterprise_VIS_0003_00000057.jpeg,210417_MtErie_Enterprise_IR_0004_00000058.jpeg,210417_MtErie_Enterprise_VIS_0003_00000057.txt,210417_MtErie_Enterprise_IR_0004_00000058.txt,paired
58,59,210417_MtErie_Enterprise_VIS_0003_00000058.jpeg,210417_MtErie_Enterprise_IR_0004_00000059.jpeg,210417_MtErie_Enterprise_VIS_0003_00000058.txt,210417_MtErie_Enterprise_IR_0004_00000059.txt,paired
59,60,210417_MtErie_Enterprise_VIS_0003_00000059.jpeg,210417_MtErie_Enterprise_IR_0004_00000060.jpeg,210417_MtErie_Enterprise_VIS_0003_00000059.txt,210417_MtErie_Enterprise_IR_0004_00000060.txt,paired
60,61,210417_MtErie_Enterprise_VIS_0003_00000060.jpeg,210417_MtErie_Enterprise_IR_0004_00000061.jpeg,210417_MtErie_Enterprise_VIS_0003_00000060.txt,210417_MtErie_Enterprise_IR_0004_00000061.txt,paired
61,62,210417_MtErie_Enterprise_VIS_0003_00000061.jpeg,210417_MtErie_Enterprise_IR_0004_00000062.jpeg,210417_MtErie_Enterprise_VIS_0003_00000061.txt,210417_MtErie_Enterprise_IR_0004_00000062.txt,paired
62,63,210417_MtErie_Enterprise_VIS_0003_00000062.jpeg,210417_MtErie_Enterprise_IR_0004_00000063.jpeg,210417_MtErie_Enterprise_VIS_0003_00000062.txt,210417_MtErie_Enterprise_IR_0004_00000063.txt,paired
63,64,210417_MtErie_Enterprise_VIS_0003_00000063.jpeg,210417_MtErie_Enterprise_IR_0004_00000064.jpeg,210417_MtErie_Enterprise_VIS_0003_00000063.txt,210417_MtErie_Enterprise_IR_0004_00000064.txt,paired
64,65,210417_MtErie_Enterprise_VIS_0003_00000064.jpeg,210417_MtErie_Enterprise_IR_0004_00000065.jpeg,210417_MtErie_Enterprise_VIS_0003_00000064.txt,210417_MtErie_Enterprise_IR_0004_00000065.txt,paired
65,66,210417_MtErie_Enterprise_VIS_0003_00000065.jpeg,210417_MtErie_Enterprise_IR_0004_00000066.jpeg,210417_MtErie_Enterprise_VIS_0003_00000065.txt,210417_MtErie_Enterprise_IR_0004_00000066.txt,paired
66,67,210417_MtErie_Enterprise_VIS_0003_00000066.jpeg,210417_MtErie_Enterprise_IR_0004_00000067.jpeg,210417_MtErie_Enterprise_VIS_0003_00000066.txt,210417_MtErie_Enterprise_IR_0004_00000067.txt,paired
67,68,210417_MtErie_Enterprise_VIS_0003_00000067.jpeg,210417_MtErie_Enterprise_IR_0004_00000068.jpeg,210417_MtErie_Enterprise_VIS_0003_00000067.txt,210417_MtErie_Enterprise_IR_0004_00000068.txt,paired
68,69,210417_MtErie_Enterprise_VIS_0003_00000068.jpeg,210417_MtErie_Enterprise_IR_0004_00000069.jpeg,210417_MtErie_Enterprise_VIS_0003_00000068.txt,210417_MtErie_Enterprise_IR_0004_00000069.txt,paired
69,70,210417_MtErie_Enterprise_VIS_0003_00000069.jpeg,210417_MtErie_Enterprise_IR_0004_00000070.jpeg,210417_MtErie_Enterprise_VIS_0003_00000069.txt,210417_MtErie_Enterprise_IR_0004_00000070.txt,paired
70,71,210417_MtErie_Enterprise_VIS_0003_00000070.jpeg,210417_MtErie_Enterprise_IR_0004_00000071.jpeg,210417_MtErie_Enterprise_VIS_0003_00000070.txt,210417_MtErie_Enterprise_IR_0004_00000071.txt,paired
71,72,210417_MtErie_Enterprise_VIS_0003_00000071.jpeg,210417_MtErie_Enterprise_IR_0004_00000072.jpeg,210417_MtErie_Enterprise_VIS_0003_00000071.txt,210417_MtErie_Enterprise_IR_0004_00000072.txt,paired
72,73,210417_MtErie_Enterprise_VIS_0003_00000072.jpeg,210417_MtErie_Enterprise_IR_0004_00000073.jpeg,210417_MtErie_Enterprise_VIS_0003_00000072.txt,210417_MtErie_Enterprise_IR_0004_00000073.txt,paired
73,74,210417_MtErie_Enterprise_VIS_0003_00000073.jpeg,210417_MtErie_Enterprise_IR_0004_00000074.jpeg,210417_MtErie_Enterprise_VIS_0003_00000073.txt,210417_MtErie_Enterprise_IR_0004_00000074.txt,paired
74,75,210417_MtErie_Enterprise_VIS_0003_00000074.jpeg,210417_MtErie_Enterprise_IR_0004_00000075.jpeg,210417_MtErie_Enterprise_VIS_0003_00000074.txt,210417_MtErie_Enterprise_IR_0004_00000075.txt,paired
75,76,210417_MtErie_Enterprise_VIS_0003_00000075.jpeg,210417_MtErie_Enterprise_IR_0004_00000076.jpeg,210417_MtErie_Enterprise_VIS_0003_00000075.txt,210417_MtErie_Enterprise_IR_0004_00000076.txt,paired
76,77,210417_MtErie_Enterprise_VIS_0003_00000076.jpeg,210417_MtErie_Enterprise_IR_0004_00000077.jpeg,210417_MtErie_Enterprise_VIS_0003_00000076.txt,210417_MtErie_Enterprise_IR_0004_00000077.txt,paired
77,78,210417_MtErie_Enterprise_VIS_0003_00000077.jpeg,210417_MtErie_Enterprise_IR_0004_00000078.jpeg,210417_MtErie_Enterprise_VIS_0003_00000077.txt,210417_MtErie_Enterprise_IR_0004_00000078.txt,paired
78,79,210417_MtErie_Enterprise_VIS_0003_00000078.jpeg,210417_MtErie_Enterprise_IR_0004_00000079.jpeg,210417_MtErie_Enterprise_VIS_0003_00000078.txt,210417_MtErie_Enterprise_IR_0004_00000079.txt,paired
79,80,210417_MtErie_Enterprise_VIS_0003_00000079.jpeg,210417_MtErie_Enterprise_IR_0004_00000080.jpeg,210417_MtErie_Enterprise_VIS_0003_00000079.txt,210417_MtErie_Enterprise_IR_0004_00000080.txt,paired
80,81,210417_MtErie_Enterprise_VIS_0003_00000080.jpeg,210417_MtErie_Enterprise_IR_0004_00000081.jpeg,210417_MtErie_Enterprise_VIS_0003_00000080.txt,210417_MtErie_Enterprise_IR_0004_00000081.txt,paired
81,82,210417_MtErie_Enterprise_VIS_0003_00000081.jpeg,210417_MtErie_Enterprise_IR_0004_00000082.jpeg,210417_MtErie_Enterprise_VIS_0003_00000081.txt,210417_MtErie_Enterprise_IR_0004_00000082.txt,paired
82,83,210417_MtErie_Enterprise_VIS_0003_00000082.jpeg,210417_MtErie_Enterprise_IR_0004_00000083.jpeg,210417_MtErie_Enterprise_VIS_0003_00000082.txt,210417_MtErie_Enterprise_IR_0004_00000083.txt,paired
83,84,210417_MtErie_Enterprise_VIS_0003_00000083.jpeg,210417_MtErie_Enterprise_IR_0004_00000084.jpeg,210417_MtErie_Enterprise_VIS_0003_00000083.txt,210417_MtErie_Enterprise_IR_0004_00000084.txt,paired
84,85,210417_MtErie_Enterprise_VIS_0003_00000084.jpeg,210417_MtErie_Enterprise_IR_0004_00000085.jpeg,210417_MtErie_Enterprise_VIS_0003_00000084.txt,210417_MtErie_Enterprise_IR_0004_00000085.txt,paired
85,86,210417_MtErie_Enterprise_VIS_0003_00000085.jpeg,210417_MtErie_Enterprise_IR_0004_00000086.jpeg,210417_MtErie_Enterprise_VIS_0003_00000085.txt,210417_MtErie_Enterprise_IR_0004_00000086.txt,paired
86,87,210417_MtErie_Enterprise_VIS_0003_00000086.jpeg,210417_MtErie_Enterprise_IR_0004_00000087.jpeg,210417_MtErie_Enterprise_VIS_0003_00000086.txt,210417_MtErie_Enterprise_IR_0004_00000087.txt,paired
87,88,210417_MtErie_Enterprise_VIS_0003_00000087.jpeg,210417_MtErie_Enterprise_IR_0004_00000088.jpeg,210417_MtErie_Enterprise_VIS_0003_00000087.txt,210417_MtErie_Enterprise_IR_0004_00000088.txt,paired
88,89,210417_MtErie_Enterprise_VIS_0003_00000088.jpeg,210417_MtErie_Enterprise_IR_0004_00000089.jpeg,210417_MtErie_Enterprise_VIS_0003_00000088.txt,210417_MtErie_Enterprise_IR_0004_00000089.txt,paired
89,90,210417_MtErie_Enterprise_VIS_0003_00000089.jpeg,210417_MtErie_Enterprise_IR_0004_00000090.jpeg,210417_MtErie_Enterprise_VIS_0003_00000089.txt,210417_MtErie_Enterprise_IR_0004_00000090.txt,paired
90,91,210417_MtErie_Enterprise_VIS_0003_00000090.jpeg,210417_MtErie_Enterprise_IR_0004_00000091.jpeg,210417_MtErie_Enterprise_VIS_0003_00000090.txt,210417_MtErie_Enterprise_IR_0004_00000091.txt,paired
91,92,210417_MtErie_Enterprise_VIS_0003_00000091.jpeg,210417_MtErie_Enterprise_IR_0004_00000092.jpeg,210417_MtErie_Enterprise_VIS_0003_00000091.txt,210417_MtErie_Enterprise_IR_0004_00000092.txt,paired
92,93,210417_MtErie_Enterprise_VIS_0003_00000092.jpeg,210417_MtErie_Enterprise_IR_0004_00000093.jpeg,210417_MtErie_Enterprise_VIS_0003_00000092.txt,210417_MtErie_Enterprise_IR_0004_00000093.txt,paired
93,94,210417_MtErie_Enterprise_VIS_0003_00000093.jpeg,210417_MtErie_Enterprise_IR_0004_00000094.jpeg,210417_MtErie_Enterprise_VIS_0003_00000093.txt,210417_MtErie_Enterprise_IR_0004_00000094.txt,paired
94,95,210417_MtErie_Enterprise_VIS_0003_00000094.jpeg,210417_MtErie_Enterprise_IR_0004_00000095.jpeg,210417_MtErie_Enterprise_VIS_0003_00000094.txt,210417_MtErie_Enterprise_IR_0004_00000095.txt,paired
95,96,210417_MtErie_Enterprise_VIS_0003_00000095.jpeg,210417_MtErie_Enterprise_IR_0004_00000096.jpeg,210417_MtErie_Enterprise_VIS_0003_00000095.txt,210417_MtErie_Enterprise_IR_0004_00000096.txt,paired
96,97,210417_MtErie_Enterprise_VIS_0003_00000096.jpeg,210417_MtErie_Enterprise_IR_0004_00000097.jpeg,210417_MtErie_Enterprise_VIS_0003_00000096.txt,210417_MtErie_Enterprise_IR_0004_00000097.txt,paired
97,98,210417_MtErie_Enterprise_VIS_0003_00000097.jpeg,210417_MtErie_Enterprise_IR_0004_00000098.jpeg,210417_MtErie_Enterprise_VIS_0003_00000097.txt,210417_MtErie_Enterprise_IR_0004_00000098.txt,paired
98,99,210417_MtErie_Enterprise_VIS_0003_00000098.jpeg,210417_MtErie_Enterprise_IR_0004_00000099.jpeg,210417_MtErie_Enterprise_VIS_0003_00000098.txt,210417_MtErie_Enterprise_IR_0004_00000099.txt,paired
99,100,210417_MtErie_Enterprise_VIS_0003_00000099.jpeg,210417_MtErie_Enterprise_IR_0004_00000100.jpeg,210417_MtErie_Enterprise_VIS_0003_00000099.txt,210417_MtErie_Enterprise_IR_0004_00000100.txt,paired
100,101,210417_MtErie_Enterprise_VIS_0003_00000100.jpeg,210417_MtErie_Enterprise_IR_0004_00000101.jpeg,210417_MtErie_Enterprise_VIS_0003_00000100.txt,210417_MtErie_Enterprise_IR_0004_00000101.txt,paired
101,102,210417_MtErie_Enterprise_VIS_0003_00000101.jpeg,210417_MtErie_Enterprise_IR_0004_00000102.jpeg,210417_MtErie_Enterprise_VIS_0003_00000101.txt,210417_MtErie_Enterprise_IR_0004_00000102.txt,paired
102,103,210417_MtErie_Enterprise_VIS_0003_00000102.jpeg,210417_MtErie_Enterprise_IR_0004_00000103.jpeg,210417_MtErie_Enterprise_VIS_0003_00000102.txt,210417_MtErie_Enterprise_IR_0004_00000103.txt,paired
103,104,210417_MtErie_Enterprise_VIS_0003_00000103.jpeg,210417_MtErie_Enterprise_IR_0004_00000104.jpeg,210417_MtErie_Enterprise_VIS_0003_00000103.txt,210417_MtErie_Enterprise_IR_0004_00000104.txt,paired
104,105,210417_MtErie_Enterprise_VIS_0003_00000104.jpeg,210417_MtErie_Enterprise_IR_0004_00000105.jpeg,210417_MtErie_Enterprise_VIS_0003_00000104.txt,210417_MtErie_Enterprise_IR_0004_00000105.txt,paired
105,106,210417_MtErie_Enterprise_VIS_0003_00000105.jpeg,210417_MtErie_Enterprise_IR_0004_00000106.jpeg,210417_MtErie_Enterprise_VIS_0003_00000105.txt,210417_MtErie_Enterprise_IR_0004_00000106.txt,paired
106,107,210417_MtErie_Enterprise_VIS_0003_00000106.jpeg,210417_MtErie_Enterprise_IR_0004_00000107.jpeg,210417_MtErie_Enterprise_VIS_0003_00000106.txt,210417_MtErie_Enterprise_IR_0004_00000107.txt,paired
107,108,210417_MtErie_Enterprise_VIS_0003_00000107.jpeg,210417_MtErie_Enterprise_IR_0004_00000108.jpeg,210417_MtErie_Enterprise_VIS_0003_00000107.txt,210417_MtErie_Enterprise_IR_0004_00000108.txt,paired
108,109,210417_MtErie_Enterprise_VIS_0003_00000108.jpeg,210417_MtErie_Enterprise_IR_0004_00000109.jpeg,210417_MtErie_Enterprise_VIS_0003_00000108.txt,210417_MtErie_Enterprise_IR_0004_00000109.txt,paired
109,110,210417_MtErie_Enterprise_VIS_0003_00000109.jpeg,210417_MtErie_Enterprise_IR_0004_00000110.jpeg,210417_MtErie_Enterprise_VIS_0003_00000109.txt,210417_MtErie_Enterprise_IR_0004_00000110.txt,paired
110,111,210417_MtErie_Enterprise_VIS_0003_00000110.jpeg,210417_MtErie_Enterprise_IR_0004_00000111.jpeg,210417_MtErie_Enterprise_VIS_0003_00000110.txt,210417_MtErie_Enterprise_IR_0004_00000111.txt,paired
111,112,210417_MtErie_Enterprise_VIS_0003_00000111.jpeg,210417_MtErie_Enterprise_IR_0004_00000112.jpeg,210417_MtErie_Enterprise_VIS_0003_00000111.txt,210417_MtErie_Enterprise_IR_0004_00000112.txt,paired
112,113,210417_MtErie_Enterprise_VIS_0003_00000112.jpeg,210417_MtErie_Enterprise_IR_0004_00000113.jpeg,210417_MtErie_Enterprise_VIS_0003_00000112.txt,210417_MtErie_Enterprise_IR_0004_00000113.txt,paired
113,114,210417_MtErie_Enterprise_VIS_0003_00000113.jpeg,210417_MtErie_Enterprise_IR_0004_00000114.jpeg,210417_MtErie_Enterprise_VIS_0003_00000113.txt,210417_MtErie_Enterprise_IR_0004_00000114.txt,paired
114,115,210417_MtErie_Enterprise_VIS_0003_00000114.jpeg,210417_MtErie_Enterprise_IR_0004_00000115.jpeg,210417_MtErie_Enterprise_VIS_0003_00000114.txt,210417_MtErie_Enterprise_IR_0004_00000115.txt,paired
115,116,210417_MtErie_Enterprise_VIS_0003_00000115.jpeg,210417_MtErie_Enterprise_IR_0004_00000116.jpeg,210417_MtErie_Enterprise_VIS_0003_00000115.txt,210417_MtErie_Enterprise_IR_0004_00000116.txt,paired
116,117,210417_MtErie_Enterprise_VIS_0003_00000116.jpeg,210417_MtErie_Enterprise_IR_0004_00000117.jpeg,210417_MtErie_Enterprise_VIS_0003_00000116.txt,210417_MtErie_Enterprise_IR_0004_00000117.txt,paired
117,118,210417_MtErie_Enterprise_VIS_0003_00000117.jpeg,210417_MtErie_Enterprise_IR_0004_00000118.jpeg,210417_MtErie_Enterprise_VIS_0003_00000117.txt,210417_MtErie_Enterprise_IR_0004_00000118.txt,paired
118,119,210417_MtErie_Enterprise_VIS_0003_00000118.jpeg,210417_MtErie_Enterprise_IR_0004_00000119.jpeg,210417_MtErie_Enterprise_VIS_0003_00000118.txt,210417_MtErie_Enterprise_IR_0004_00000119.txt,paired
119,120,210417_MtErie_Enterprise_VIS_0003_00000119.jpeg,210417_MtErie_Enterprise_IR_0004_00000120.jpeg,210417_MtErie_Enterprise_VIS_0003_00000119.txt,210417_MtErie_Enterprise_IR_0004_00000120.txt,paired
120,121,210417_MtErie_Enterprise_VIS_0003_00000120.jpeg,210417_MtErie_Enterprise_IR_0004_00000121.jpeg,210417_MtErie_Enterprise_VIS_0003_00000120.txt,210417_MtErie_Enterprise_IR_0004_00000121.txt,paired
121,122,210417_MtErie_Enterprise_VIS_0003_00000121.jpeg,210417_MtErie_Enterprise_IR_0004_00000122.jpeg,210417_MtErie_Enterprise_VIS_0003_00000121.txt,210417_MtErie_Enterprise_IR_0004_00000122.txt,paired
122,123,210417_MtErie_Enterprise_VIS_0003_00000122.jpeg,210417_MtErie_Enterprise_IR_0004_00000123.jpeg,210417_MtErie_Enterprise_VIS_0003_00000122.txt,210417_MtErie_Enterprise_IR_0004_00000123.txt,paired
123,124,210417_MtErie_Enterprise_VIS_0003_00000123.jpeg,210417_MtErie_Enterprise_IR_0004_00000124.jpeg,210417_MtErie_Enterprise_VIS_0003_00000123.txt,210417_MtErie_Enterprise_IR_0004_00000124.txt,paired
124,125,210417_MtErie_Enterprise_VIS_0003_00000124.jpeg,210417_MtErie_Enterprise_IR_0004_00000125.jpeg,210417_MtErie_Enterprise_VIS_0003_00000124.txt,210417_MtErie_Enterprise_IR_0004_00000125.txt,paired
125,126,210417_MtErie_Enterprise_VIS_0003_00000125.jpeg,210417_MtErie_Enterprise_IR_0004_00000126.jpeg,210417_MtErie_Enterprise_VIS_0003_00000125.txt,210417_MtErie_Enterprise_IR_0004_00000126.txt,paired
126,127,210417_MtErie_Enterprise_VIS_0003_00000126.jpeg,210417_MtErie_Enterprise_IR_0004_00000127.jpeg,210417_MtErie_Enterprise_VIS_0003_00000126.txt,210417_MtErie_Enterprise_IR_0004_00000127.txt,paired
127,128,210417_MtErie_Enterprise_VIS_0003_00000127.jpeg,210417_MtErie_Enterprise_IR_0004_00000128.jpeg,210417_MtErie_Enterprise_VIS_0003_00000127.txt,210417_MtErie_Enterprise_IR_0004_00000128.txt,paired
128,129,210417_MtErie_Enterprise_VIS_0003_00000128.jpeg,210417_MtErie_Enterprise_IR_0004_00000129.jpeg,210417_MtErie_Enterprise_VIS_0003_00000128.txt,210417_MtErie_Enterprise_IR_0004_00000129.txt,paired
129,130,210417_MtErie_Enterprise_VIS_0003_00000129.jpeg,210417_MtErie_Enterprise_IR_0004_00000130.jpeg,210417_MtErie_Enterprise_VIS_0003_00000129.txt,210417_MtErie_Enterprise_IR_0004_00000130.txt,paired
130,131,210417_MtErie_Enterprise_VIS_0003_00000130.jpeg,210417_MtErie_Enterprise_IR_0004_00000131.jpeg,210417_MtErie_Enterprise_VIS_0003_00000130.txt,210417_MtErie_Enterprise_IR_0004_00000131.txt,paired
131,132,210417_MtErie_Enterprise_VIS_0003_00000131.jpeg,210417_MtErie_Enterprise_IR_0004_00000132.jpeg,210417_MtErie_Enterprise_VIS_0003_00000131.txt,210417_MtErie_Enterprise_IR_0004_00000132.txt,paired
132,133,210417_MtErie_Enterprise_VIS_0003_00000132.jpeg,210417_MtErie_Enterprise_IR_0004_00000133.jpeg,210417_MtErie_Enterprise_VIS_0003_00000132.txt,210417_MtErie_Enterprise_IR_0004_00000133.txt,paired
133,134,210417_MtErie_Enterprise_VIS_0003_00000133.jpeg,210417_MtErie_Enterprise_IR_0004_00000134.jpeg,210417_MtErie_Enterprise_VIS_0003_00000133.txt,210417_MtErie_Enterprise_IR_0004_00000134.txt,paired
134,135,210417_MtErie_Enterprise_VIS_0003_00000134.jpeg,210417_MtErie_Enterprise_IR_0004_00000135.jpeg,210417_MtErie_Enterprise_VIS_0003_00000134.txt,210417_MtErie_Enterprise_IR_0004_00000135.txt,paired
135,136,210417_MtErie_Enterprise_VIS_0003_00000135.jpeg,210417_MtErie_Enterprise_IR_0004_00000136.jpeg,210417_MtErie_Enterprise_VIS_0003_00000135.txt,210417_MtErie_Enterprise_IR_0004_00000136.txt,paired
136,137,210417_MtErie_Enterprise_VIS_0003_00000136.jpeg,210417_MtErie_Enterprise_IR_0004_00000137.jpeg,210417_MtErie_Enterprise_VIS_0003_00000136.txt,210417_MtErie_Enterprise_IR_0004_00000137.txt,paired
137,138,210417_MtErie_Enterprise_VIS_0003_00000137.jpeg,210417_MtErie_Enterprise_IR_0004_00000138.jpeg,210417_MtErie_Enterprise_VIS_0003_00000137.txt,210417_MtErie_Enterprise_IR_0004_00000138.txt,paired
138,139,210417_MtErie_Enterprise_VIS_0003_00000138.jpeg,210417_MtErie_Enterprise_IR_0004_00000139.jpeg,210417_MtErie_Enterprise_VIS_0003_00000138.txt,210417_MtErie_Enterprise_IR_0004_00000139.txt,paired
139,140,210417_MtErie_Enterprise_VIS_0003_00000139.jpeg,210417_MtErie_Enterprise_IR_0004_00000140.jpeg,210417_MtErie_Enterprise_VIS_0003_00000139.txt,210417_MtErie_Enterprise_IR_0004_00000140.txt,paired
140,141,210417_MtErie_Enterprise_VIS_0003_00000140.jpeg,210417_MtErie_Enterprise_IR_0004_00000141.jpeg,210417_MtErie_Enterprise_VIS_0003_00000140.txt,210417_MtErie_Enterprise_IR_0004_00000141.txt,paired
141,142,210417_MtErie_Enterprise_VIS_0003_00000141.jpeg,210417_MtErie_Enterprise_IR_0004_00000142.jpeg,210417_MtErie_Enterprise_VIS_0003_00000141.txt,210417_MtErie_Enterprise_IR_0004_00000142.txt,paired
142,143,210417_MtErie_Enterprise_VIS_0003_00000142.jpeg,210417_MtErie_Enterprise_IR_0004_00000143.jpeg,210417_MtErie_Enterprise_VIS_0003_00000142.txt,210417_MtErie_Enterprise_IR_0004_00000143.txt,paired
143,144,210417_MtErie_Enterprise_VIS_0003_00000143.jpeg,210417_MtErie_Enterprise_IR_0004_00000144.jpeg,210417_MtErie_Enterprise_VIS_0003_00000143.txt,210417_MtErie_Enterprise_IR_0004_00000144.txt,paired
144,145,210417_MtErie_Enterprise_VIS_0003_00000144.jpeg,210417_MtErie_Enterprise_IR_0004_00000145.jpeg,210417_MtErie_Enterprise_VIS_0003_00000144.txt,210417_MtErie_Enterprise_IR_0004_00000145.txt,paired
145,146,210417_MtErie_Enterprise_VIS_0003_00000145.jpeg,210417_MtErie_Enterprise_IR_0004_00000146.jpeg,210417_MtErie_Enterprise_VIS_0003_00000145.txt,210417_MtErie_Enterprise_IR_0004_00000146.txt,paired
146,147,210417_MtErie_Enterprise_VIS_0003_00000146.jpeg,210417_MtErie_Enterprise_IR_0004_00000147.jpeg,210417_MtErie_Enterprise_VIS_0003_00000146.txt,210417_MtErie_Enterprise_IR_0004_00000147.txt,paired
147,148,210417_MtErie_Enterprise_VIS_0003_00000147.jpeg,210417_MtErie_Enterprise_IR_0004_00000148.jpeg,210417_MtErie_Enterprise_VIS_0003_00000147.txt,210417_MtErie_Enterprise_IR_0004_00000148.txt,paired
148,149,210417_MtErie_Enterprise_VIS_0003_00000148.jpeg,210417_MtErie_Enterprise_IR_0004_00000149.jpeg,210417_MtErie_Enterprise_VIS_0003_00000148.txt,210417_MtErie_Enterprise_IR_0004_00000149.txt,paired
149,150,210417_MtErie_Enterprise_VIS_0003_00000149.jpeg,210417_MtErie_Enterprise_IR_0004_00000150.jpeg,210417_MtErie_Enterprise_VIS_0003_00000149.txt,210417_MtErie_Enterprise_IR_0004_00000150.txt,paired
150,151,210417_MtErie_Enterprise_VIS_0003_00000150.jpeg,210417_MtErie_Enterprise_IR_0004_00000151.jpeg,210417_MtErie_Enterprise_VIS_0003_00000150.txt,210417_MtErie_Enterprise_IR_0004_00000151.txt,paired
151,152,210417_MtErie_Enterprise_VIS_0003_00000151.jpeg,210417_MtErie_Enterprise_IR_0004_00000152.jpeg,210417_MtErie_Enterprise_VIS_0003_00000151.txt,210417_MtErie_Enterprise_IR_0004_00000152.txt,paired
152,153,210417_MtErie_Enterprise_VIS_0003_00000152.jpeg,210417_MtErie_Enterprise_IR_0004_00000153.jpeg,210417_MtErie_Enterprise_VIS_0003_00000152.txt,210417_MtErie_Enterprise_IR_0004_00000153.txt,paired
153,154,210417_MtErie_Enterprise_VIS_0003_00000153.jpeg,210417_MtErie_Enterprise_IR_0004_00000154.jpeg,210417_MtErie_Enterprise_VIS_0003_00000153.txt,210417_MtErie_Enterprise_IR_0004_00000154.txt,paired
154,155,210417_MtErie_Enterprise_VIS_0003_00000154.jpeg,210417_MtErie_Enterprise_IR_0004_00000155.jpeg,210417_MtErie_Enterprise_VIS_0003_00000154.txt,210417_MtErie_Enterprise_IR_0004_00000155.txt,paired
155,156,210417_MtErie_Enterprise_VIS_0003_00000155.jpeg,210417_MtErie_Enterprise_IR_0004_00000156.jpeg,210417_MtErie_Enterprise_VIS_0003_00000155.txt,210417_MtErie_Enterprise_IR_0004_00000156.txt,paired
156,157,210417_MtErie_Enterprise_VIS_0003_00000156.jpeg,210417_MtErie_Enterprise_IR_0004_00000157.jpeg,210417_MtErie_Enterprise_VIS_0003_00000156.txt,210417_MtErie_Enterprise_IR_0004_00000157.txt,paired
157,158,210417_MtErie_Enterprise_VIS_0003_00000157.jpeg,210417_MtErie_Enterprise_IR_0004_00000158.jpeg,210417_MtErie_Enterprise_VIS_0003_00000157.txt,210417_MtErie_Enterprise_IR_0004_00000158.txt,paired
158,159,210417_MtErie_Enterprise_VIS_0003_00000158.jpeg,210417_MtErie_Enterprise_IR_0004_00000159.jpeg,210417_MtErie_Enterprise_VIS_0003_00000158.txt,210417_MtErie_Enterprise_IR_0004_00000159.txt,paired
159,160,210417_MtErie_Enterprise_VIS_0003_00000159.jpeg,210417_MtErie_Enterprise_IR_0004_00000160.jpeg,210417_MtErie_Enterprise_VIS_0003_00000159.txt,210417_MtErie_Enterprise_IR_0004_00000160.txt,paired
160,161,210417_MtErie_Enterprise_VIS_0003_00000160.jpeg,210417_MtErie_Enterprise_IR_0004_00000161.jpeg,210417_MtErie_Enterprise_VIS_0003_00000160.txt,210417_MtErie_Enterprise_IR_0004_00000161.txt,paired
161,162,210417_MtErie_Enterprise_VIS_0003_00000161.jpeg,210417_MtErie_Enterprise_IR_0004_00000162.jpeg,210417_MtErie_Enterprise_VIS_0003_00000161.txt,210417_MtErie_Enterprise_IR_0004_00000162.txt,paired
162,163,210417_MtErie_Enterprise_VIS_0003_00000162.jpeg,210417_MtErie_Enterprise_IR_0004_00000163.jpeg,210417_MtErie_Enterprise_VIS_0003_00000162.txt,210417_MtErie_Enterprise_IR_0004_00000163.txt,paired
163,164,210417_MtErie_Enterprise_VIS_0003_00000163.jpeg,210417_MtErie_Enterprise_IR_0004_00000164.jpeg,210417_MtErie_Enterprise_VIS_0003_00000163.txt,210417_MtErie_Enterprise_IR_0004_00000164.txt,paired
164,165,210417_MtErie_Enterprise_VIS_0003_00000164.jpeg,210417_MtErie_Enterprise_IR_0004_00000165.jpeg,210417_MtErie_Enterprise_VIS_0003_00000164.txt,210417_MtErie_Enterprise_IR_0004_00000165.txt,paired
165,166,210417_MtErie_Enterprise_VIS_0003_00000165.jpeg,210417_MtErie_Enterprise_IR_0004_00000166.jpeg,210417_MtErie_Enterprise_VIS_0003_00000165.txt,210417_MtErie_Enterprise_IR_0004_00000166.txt,paired
166,167,210417_MtErie_Enterprise_VIS_0003_00000166.jpeg,210417_MtErie_Enterprise_IR_0004_00000167.jpeg,210417_MtErie_Enterprise_VIS_0003_00000166.txt,210417_MtErie_Enterprise_IR_0004_00000167.txt,paired
167,168,210417_MtErie_Enterprise_VIS_0003_00000167.jpeg,210417_MtErie_Enterprise_IR_0004_00000168.jpeg,210417_MtErie_Enterprise_VIS_0003_00000167.txt,210417_MtErie_Enterprise_IR_0004_00000168.txt,paired
168,169,210417_MtErie_Enterprise_VIS_0003_00000168.jpeg,210417_MtErie_Enterprise_IR_0004_00000169.jpeg,210417_MtErie_Enterprise_VIS_0003_00000168.txt,210417_MtErie_Enterprise_IR_0004_00000169.txt,paired
169,170,210417_MtErie_Enterprise_VIS_0003_00000169.jpeg,210417_MtErie_Enterprise_IR_0004_00000170.jpeg,210417_MtErie_Enterprise_VIS_0003_00000169.txt,210417_MtErie_Enterprise_IR_0004_00000170.txt,paired
170,171,210417_MtErie_Enterprise_VIS_0003_00000170.jpeg,210417_MtErie_Enterprise_IR_0004_00000171.jpeg,210417_MtErie_Enterprise_VIS_0003_00000170.txt,210417_MtErie_Enterprise_IR_0004_00000171.txt,paired
171,172,210417_MtErie_Enterprise_VIS_0003_00000171.jpeg,210417_MtErie_Enterprise_IR_0004_00000172.jpeg,210417_MtErie_Enterprise_VIS_0003_00000171.txt,210417_MtErie_Enterprise_IR_0004_00000172.txt,paired
172,173,210417_MtErie_Enterprise_VIS_0003_00000172.jpeg,210417_MtErie_Enterprise_IR_0004_00000173.jpeg,210417_MtErie_Enterprise_VIS_0003_00000172.txt,210417_MtErie_Enterprise_IR_0004_00000173.txt,paired
173,174,210417_MtErie_Enterprise_VIS_0003_00000173.jpeg,210417_MtErie_Enterprise_IR_0004_00000174.jpeg,210417_MtErie_Enterprise_VIS_0003_00000173.txt,210417_MtErie_Enterprise_IR_0004_00000174.txt,paired
174,175,210417_MtErie_Enterprise_VIS_0003_00000174.jpeg,210417_MtErie_Enterprise_IR_0004_00000175.jpeg,210417_MtErie_Enterprise_VIS_0003_00000174.txt,210417_MtErie_Enterprise_IR_0004_00000175.txt,paired
175,176,210417_MtErie_Enterprise_VIS_0003_00000175.jpeg,210417_MtErie_Enterprise_IR_0004_00000176.jpeg,210417_MtErie_Enterprise_VIS_0003_00000175.txt,210417_MtErie_Enterprise_IR_0004_00000176.txt,paired
176,177,210417_MtErie_Enterprise_VIS_0003_00000176.jpeg,210417_MtErie_Enterprise_IR_0004_00000177.jpeg,210417_MtErie_Enterprise_VIS_0003_00000176.txt,210417_MtErie_Enterprise_IR_0004_00000177.txt,paired
177,178,210417_MtErie_Enterprise_VIS_0003_00000177.jpeg,210417_MtErie_Enterprise_IR_0004_00000178.jpeg,210417_MtErie_Enterprise_VIS_0003_00000177.txt,210417_MtErie_Enterprise_IR_0004_00000178.txt,paired
178,179,210417_MtErie_Enterprise_VIS_0003_00000178.jpeg,210417_MtErie_Enterprise_IR_0004_00000179.jpeg,210417_MtErie_Enterprise_VIS_0003_00000178.txt,210417_MtErie_Enterprise_IR_0004_00000179.txt,paired
179,180,210417_MtErie_Enterprise_VIS_0003_00000179.jpeg,210417_MtErie_Enterprise_IR_0004_00000180.jpeg,210417_MtErie_Enterprise_VIS_0003_00000179.txt,210417_MtErie_Enterprise_IR_0004_00000180.txt,paired
180,181,210417_MtErie_Enterprise_VIS_0003_00000180.jpeg,210417_MtErie_Enterprise_IR_0004_00000181.jpeg,210417_MtErie_Enterprise_VIS_0003_00000180.txt,210417_MtErie_Enterprise_IR_0004_00000181.txt,paired
181,182,210417_MtErie_Enterprise_VIS_0003_00000181.jpeg,210417_MtErie_Enterprise_IR_0004_00000182.jpeg,210417_MtErie_Enterprise_VIS_0003_00000181.txt,210417_MtErie_Enterprise_IR_0004_00000182.txt,paired
182,183,210417_MtErie_Enterprise_VIS_0003_00000182.jpeg,210417_MtErie_Enterprise_IR_0004_00000183.jpeg,210417_MtErie_Enterprise_VIS_0003_00000182.txt,210417_MtErie_Enterprise_IR_0004_00000183.txt,paired
183,184,210417_MtErie_Enterprise_VIS_0003_00000183.jpeg,210417_MtErie_Enterprise_IR_0004_00000184.jpeg,210417_MtErie_Enterprise_VIS_0003_00000183.txt,210417_MtErie_Enterprise_IR_0004_00000184.txt,paired
184,185,210417_MtErie_Enterprise_VIS_0003_00000184.jpeg,210417_MtErie_Enterprise_IR_0004_00000185.jpeg,210417_MtErie_Enterprise_VIS_0003_00000184.txt,210417_MtErie_Enterprise_IR_0004_00000185.txt,paired
185,186,210417_MtErie_Enterprise_VIS_0003_00000185.jpeg,210417_MtErie_Enterprise_IR_0004_00000186.jpeg,210417_MtErie_Enterprise_VIS_0003_00000185.txt,210417_MtErie_Enterprise_IR_0004_00000186.txt,paired
186,187,210417_MtErie_Enterprise_VIS_0003_00000186.jpeg,210417_MtErie_Enterprise_IR_0004_00000187.jpeg,210417_MtErie_Enterprise_VIS_0003_00000186.txt,210417_MtErie_Enterprise_IR_0004_00000187.txt,paired
187,188,210417_MtErie_Enterprise_VIS_0003_00000187.jpeg,210417_MtErie_Enterprise_IR_0004_00000188.jpeg,210417_MtErie_Enterprise_VIS_0003_00000187.txt,210417_MtErie_Enterprise_IR_0004_00000188.txt,paired
188,189,210417_MtErie_Enterprise_VIS_0003_00000188.jpeg,210417_MtErie_Enterprise_IR_0004_00000189.jpeg,210417_MtErie_Enterprise_VIS_0003_00000188.txt,210417_MtErie_Enterprise_IR_0004_00000189.txt,paired
189,190,210417_MtErie_Enterprise_VIS_0003_00000189.jpeg,210417_MtErie_Enterprise_IR_0004_00000190.jpeg,210417_MtErie_Enterprise_VIS_0003_00000189.txt,210417_MtErie_Enterprise_IR_0004_00000190.txt,paired
190,191,210417_MtErie_Enterprise_VIS_0003_00000190.jpeg,210417_MtErie_Enterprise_IR_0004_00000191.jpeg,210417_MtErie_Enterprise_VIS_0003_00000190.txt,210417_MtErie_Enterprise_IR_0004_00000191.txt,paired
191,192,210417_MtErie_Enterprise_VIS_0003_00000191.jpeg,210417_MtErie_Enterprise_IR_0004_00000192.jpeg,210417_MtErie_Enterprise_VIS_0003_00000191.txt,210417_MtErie_Enterprise_IR_0004_00000192.txt,paired
192,193,210417_MtErie_Enterprise_VIS_0003_00000192.jpeg,210417_MtErie_Enterprise_IR_0004_00000193.jpeg,210417_MtErie_Enterprise_VIS_0003_00000192.txt,210417_MtErie_Enterprise_IR_0004_00000193.txt,paired
193,194,210417_MtErie_Enterprise_VIS_0003_00000193.jpeg,210417_MtErie_Enterprise_IR_0004_00000194.jpeg,210417_MtErie_Enterprise_VIS_0003_00000193.txt,210417_MtErie_Enterprise_IR_0004_00000194.txt,paired
194,195,210417_MtErie_Enterprise_VIS_0003_00000194.jpeg,210417_MtErie_Enterprise_IR_0004_00000195.jpeg,210417_MtErie_Enterprise_VIS_0003_00000194.txt,210417_MtErie_Enterprise_IR_0004_00000195.txt,paired
195,196,210417_MtErie_Enterprise_VIS_0003_00000195.jpeg,210417_MtErie_Enterprise_IR_0004_00000196.jpeg,210417_MtErie_Enterprise_VIS_0003_00000195.txt,210417_MtErie_Enterprise_IR_0004_00000196.txt,paired
196,197,210417_MtErie_Enterprise_VIS_0003_00000196.jpeg,210417_MtErie_Enterprise_IR_0004_00000197.jpeg,210417_MtErie_Enterprise_VIS_0003_00000196.txt,210417_MtErie_Enterprise_IR_0004_00000197.txt,paired
197,198,210417_MtErie_Enterprise_VIS_0003_00000197.jpeg,210417_MtErie_Enterprise_IR_0004_00000198.jpeg,210417_MtErie_Enterprise_VIS_0003_00000197.txt,210417_MtErie_Enterprise_IR_0004_00000198.txt,paired
198,199,210417_MtErie_Enterprise_VIS_0003_00000198.jpeg,210417_MtErie_Enterprise_IR_0004_00000199.jpeg,210417_MtErie_Enterprise_VIS_0003_00000198.txt,210417_MtErie_Enterprise_IR_0004_00000199.txt,paired
199,200,210417_MtErie_Enterprise_VIS_0003_00000199.jpeg,210417_MtErie_Enterprise_IR_0004_00000200.jpeg,210417_MtErie_Enterprise_VIS_0003_00000199.txt,210417_MtErie_Enterprise_IR_0004_00000200.txt,paired
200,201,210417_MtErie_Enterprise_VIS_0003_00000200.jpeg,210417_MtErie_Enterprise_IR_0004_00000201.jpeg,210417_MtErie_Enterprise_VIS_0003_00000200.txt,210417_MtErie_Enterprise_IR_0004_00000201.txt,paired
201,202,210417_MtErie_Enterprise_VIS_0003_00000201.jpeg,210417_MtErie_Enterprise_IR_0004_00000202.jpeg,210417_MtErie_Enterprise_VIS_0003_00000201.txt,210417_MtErie_Enterprise_IR_0004_00000202.txt,paired
202,203,210417_MtErie_Enterprise_VIS_0003_00000202.jpeg,210417_MtErie_Enterprise_IR_0004_00000203.jpeg,210417_MtErie_Enterprise_VIS_0003_00000202.txt,210417_MtErie_Enterprise_IR_0004_00000203.txt,paired
203,204,210417_MtErie_Enterprise_VIS_0003_00000203.jpeg,210417_MtErie_Enterprise_IR_0004_00000204.jpeg,210417_MtErie_Enterprise_VIS_0003_00000203.txt,210417_MtErie_Enterprise_IR_0004_00000204.txt,paired
204,205,210417_MtErie_Enterprise_VIS_0003_00000204.jpeg,210417_MtErie_Enterprise_IR_0004_00000205.jpeg,210417_MtErie_Enterprise_VIS_0003_00000204.txt,210417_MtErie_Enterprise_IR_0004_00000205.txt,paired
205,206,210417_MtErie_Enterprise_VIS_0003_00000205.jpeg,210417_MtErie_Enterprise_IR_0004_00000206.jpeg,210417_MtErie_Enterprise_VIS_0003_00000205.txt,210417_MtErie_Enterprise_IR_0004_00000206.txt,paired
206,207,210417_MtErie_Enterprise_VIS_0003_00000206.jpeg,210417_MtErie_Enterprise_IR_0004_00000207.jpeg,210417_MtErie_Enterprise_VIS_0003_00000206.txt,210417_MtErie_Enterprise_IR_0004_00000207.txt,paired
207,208,210417_MtErie_Enterprise_VIS_0003_00000207.jpeg,210417_MtErie_Enterprise_IR_0004_00000208.jpeg,210417_MtErie_Enterprise_VIS_0003_00000207.txt,210417_MtErie_Enterprise_IR_0004_00000208.txt,paired
208,209,210417_MtErie_Enterprise_VIS_0003_00000208.jpeg,210417_MtErie_Enterprise_IR_0004_00000209.jpeg,210417_MtErie_Enterprise_VIS_0003_00000208.txt,210417_MtErie_Enterprise_IR_0004_00000209.txt,paired
209,210,210417_MtErie_Enterprise_VIS_0003_00000209.jpeg,210417_MtErie_Enterprise_IR_0004_00000210.jpeg,210417_MtErie_Enterprise_VIS_0003_00000209.txt,210417_MtErie_Enterprise_IR_0004_00000210.txt,paired
210,211,210417_MtErie_Enterprise_VIS_0003_00000210.jpeg,210417_MtErie_Enterprise_IR_0004_00000211.jpeg,210417_MtErie_Enterprise_VIS_0003_00000210.txt,210417_MtErie_Enterprise_IR_0004_00000211.txt,paired
211,212,210417_MtErie_Enterprise_VIS_0003_00000211.jpeg,210417_MtErie_Enterprise_IR_0004_00000212.jpeg,210417_MtErie_Enterprise_VIS_0003_00000211.txt,210417_MtErie_Enterprise_IR_0004_00000212.txt,paired
212,213,210417_MtErie_Enterprise_VIS_0003_00000212.jpeg,210417_MtErie_Enterprise_IR_0004_00000213.jpeg,210417_MtErie_Enterprise_VIS_0003_00000212.txt,210417_MtErie_Enterprise_IR_0004_00000213.txt,paired
213,214,210417_MtErie_Enterprise_VIS_0003_00000213.jpeg,210417_MtErie_Enterprise_IR_0004_00000214.jpeg,210417_MtErie_Enterprise_VIS_0003_00000213.txt,210417_MtErie_Enterprise_IR_0004_00000214.txt,paired
214,215,210417_MtErie_Enterprise_VIS_0003_00000214.jpeg,210417_MtErie_Enterprise_IR_0004_00000215.jpeg,210417_MtErie_Enterprise_VIS_0003_00000214.txt,210417_MtErie_Enterprise_IR_0004_00000215.txt,paired
215,216,210417_MtErie_Enterprise_VIS_0003_00000215.jpeg,210417_MtErie_Enterprise_IR_0004_00000216.jpeg,210417_MtErie_Enterprise_VIS_0003_00000215.txt,210417_MtErie_Enterprise_IR_0004_00000216.txt,paired
216,217,210417_MtErie_Enterprise_VIS_0003_00000216.jpeg,210417_MtErie_Enterprise_IR_0004_00000217.jpeg,210417_MtErie_Enterprise_VIS_0003_00000216.txt,210417_MtErie_Enterprise_IR_0004_00000217.txt,paired
217,218,210417_MtErie_Enterprise_VIS_0003_00000217.jpeg,210417_MtErie_Enterprise_IR_0004_00000218.jpeg,210417_MtErie_Enterprise_VIS_0003_00000217.txt,210417_MtErie_Enterprise_IR_0004_00000218.txt,paired
218,219,210417_MtErie_Enterprise_VIS_0003_00000218.jpeg,210417_MtErie_Enterprise_IR_0004_00000219.jpeg,210417_MtErie_Enterprise_VIS_0003_00000218.txt,210417_MtErie_Enterprise_IR_0004_00000219.txt,paired
219,220,210417_MtErie_Enterprise_VIS_0003_00000219.jpeg,210417_MtErie_Enterprise_IR_0004_00000220.jpeg,210417_MtErie_Enterprise_VIS_0003_00000219.txt,210417_MtErie_Enterprise_IR_0004_00000220.txt,paired
220,221,210417_MtErie_Enterprise_VIS_0003_00000220.jpeg,210417_MtErie_Enterprise_IR_0004_00000221.jpeg,210417_MtErie_Enterprise_VIS_0003_00000220.txt,210417_MtErie_Enterprise_IR_0004_00000221.txt,paired
221,222,210417_MtErie_Enterprise_VIS_0003_00000221.jpeg,210417_MtErie_Enterprise_IR_0004_00000222.jpeg,210417_MtErie_Enterprise_VIS_0003_00000221.txt,210417_MtErie_Enterprise_IR_0004_00000222.txt,paired
222,223,210417_MtErie_Enterprise_VIS_0003_00000222.jpeg,210417_MtErie_Enterprise_IR_0004_00000223.jpeg,210417_MtErie_Enterprise_VIS_0003_00000222.txt,210417_MtErie_Enterprise_IR_0004_00000223.txt,paired
223,224,210417_MtErie_Enterprise_VIS_0003_00000223.jpeg,210417_MtErie_Enterprise_IR_0004_00000224.jpeg,210417_MtErie_Enterprise_VIS_0003_00000223.txt,210417_MtErie_Enterprise_IR_0004_00000224.txt,paired
224,225,210417_MtErie_Enterprise_VIS_0003_00000224.jpeg,210417_MtErie_Enterprise_IR_0004_00000225.jpeg,210417_MtErie_Enterprise_VIS_0003_00000224.txt,210417_MtErie_Enterprise_IR_0004_00000225.txt,paired
225,226,210417_MtErie_Enterprise_VIS_0003_00000225.jpeg,210417_MtErie_Enterprise_IR_0004_00000226.jpeg,210417_MtErie_Enterprise_VIS_0003_00000225.txt,210417_MtErie_Enterprise_IR_0004_00000226.txt,paired
226,227,210417_MtErie_Enterprise_VIS_0003_00000226.jpeg,210417_MtErie_Enterprise_IR_0004_00000227.jpeg,210417_MtErie_Enterprise_VIS_0003_00000226.txt,210417_MtErie_Enterprise_IR_0004_00000227.txt,paired
227,228,210417_MtErie_Enterprise_VIS_0003_00000227.jpeg,210417_MtErie_Enterprise_IR_0004_00000228.jpeg,210417_MtErie_Enterprise_VIS_0003_00000227.txt,210417_MtErie_Enterprise_IR_0004_00000228.txt,paired
228,229,210417_MtErie_Enterprise_VIS_0003_00000228.jpeg,210417_MtErie_Enterprise_IR_0004_00000229.jpeg,210417_MtErie_Enterprise_VIS_0003_00000228.txt,210417_MtErie_Enterprise_IR_0004_00000229.txt,paired
229,230,210417_MtErie_Enterprise_VIS_0003_00000229.jpeg,210417_MtErie_Enterprise_IR_0004_00000230.jpeg,210417_MtErie_Enterprise_VIS_0003_00000229.txt,210417_MtErie_Enterprise_IR_0004_00000230.txt,paired
230,231,210417_MtErie_Enterprise_VIS_0003_00000230.jpeg,210417_MtErie_Enterprise_IR_0004_00000231.jpeg,210417_MtErie_Enterprise_VIS_0003_00000230.txt,210417_MtErie_Enterprise_IR_0004_00000231.txt,paired
231,232,210417_MtErie_Enterprise_VIS_0003_00000231.jpeg,210417_MtErie_Enterprise_IR_0004_00000232.jpeg,210417_MtErie_Enterprise_VIS_0003_00000231.txt,210417_MtErie_Enterprise_IR_0004_00000232.txt,paired
232,233,210417_MtErie_Enterprise_VIS_0003_00000232.jpeg,210417_MtErie_Enterprise_IR_0004_00000233.jpeg,210417_MtErie_Enterprise_VIS_0003_00000232.txt,210417_MtErie_Enterprise_IR_0004_00000233.txt,paired
233,234,210417_MtErie_Enterprise_VIS_0003_00000233.jpeg,210417_MtErie_Enterprise_IR_0004_00000234.jpeg,210417_MtErie_Enterprise_VIS_0003_00000233.txt,210417_MtErie_Enterprise_IR_0004_00000234.txt,paired
234,235,210417_MtErie_Enterprise_VIS_0003_00000234.jpeg,210417_MtErie_Enterprise_IR_0004_00000235.jpeg,210417_MtErie_Enterprise_VIS_0003_00000234.txt,210417_MtErie_Enterprise_IR_0004_00000235.txt,paired
235,236,210417_MtErie_Enterprise_VIS_0003_00000235.jpeg,210417_MtErie_Enterprise_IR_0004_00000236.jpeg,210417_MtErie_Enterprise_VIS_0003_00000235.txt,210417_MtErie_Enterprise_IR_0004_00000236.txt,paired
236,237,210417_MtErie_Enterprise_VIS_0003_00000236.jpeg,210417_MtErie_Enterprise_IR_0004_00000237.jpeg,210417_MtErie_Enterprise_VIS_0003_00000236.txt,210417_MtErie_Enterprise_IR_0004_00000237.txt,paired
237,238,210417_MtErie_Enterprise_VIS_0003_00000237.jpeg,210417_MtErie_Enterprise_IR_0004_00000238.jpeg,210417_MtErie_Enterprise_VIS_0003_00000237.txt,210417_MtErie_Enterprise_IR_0004_00000238.txt,paired
238,239,210417_MtErie_Enterprise_VIS_0003_00000238.jpeg,210417_MtErie_Enterprise_IR_0004_00000239.jpeg,210417_MtErie_Enterprise_VIS_0003_00000238.txt,210417_MtErie_Enterprise_IR_0004_00000239.txt,paired
239,240,210417_MtErie_Enterprise_VIS_0003_00000239.jpeg,210417_MtErie_Enterprise_IR_0004_00000240.jpeg,210417_MtErie_Enterprise_VIS_0003_00000239.txt,210417_MtErie_Enterprise_IR_0004_00000240.txt,paired
240,241,210417_MtErie_Enterprise_VIS_0003_00000240.jpeg,210417_MtErie_Enterprise_IR_0004_00000241.jpeg,210417_MtErie_Enterprise_VIS_0003_00000240.txt,210417_MtErie_Enterprise_IR_0004_00000241.txt,paired
241,242,210417_MtErie_Enterprise_VIS_0003_00000241.jpeg,210417_MtErie_Enterprise_IR_0004_00000242.jpeg,210417_MtErie_Enterprise_VIS_0003_00000241.txt,210417_MtErie_Enterprise_IR_0004_00000242.txt,paired
242,243,210417_MtErie_Enterprise_VIS_0003_00000242.jpeg,210417_MtErie_Enterprise_IR_0004_00000243.jpeg,210417_MtErie_Enterprise_VIS_0003_00000242.txt,210417_MtErie_Enterprise_IR_0004_00000243.txt,paired
243,244,210417_MtErie_Enterprise_VIS_0003_00000243.jpeg,210417_MtErie_Enterprise_IR_0004_00000244.jpeg,210417_MtErie_Enterprise_VIS_0003_00000243.txt,210417_MtErie_Enterprise_IR_0004_00000244.txt,paired
244,245,210417_MtErie_Enterprise_VIS_0003_00000244.jpeg,210417_MtErie_Enterprise_IR_0004_00000245.jpeg,210417_MtErie_Enterprise_VIS_0003_00000244.txt,210417_MtErie_Enterprise_IR_0004_00000245.txt,paired
245,246,210417_MtErie_Enterprise_VIS_0003_00000245.jpeg,210417_MtErie_Enterprise_IR_0004_00000246.jpeg,210417_MtErie_Enterprise_VIS_0003_00000245.txt,210417_MtErie_Enterprise_IR_0004_00000246.txt,paired
246,247,210417_MtErie_Enterprise_VIS_0003_00000246.jpeg,210417_MtErie_Enterprise_IR_0004_00000247.jpeg,210417_MtErie_Enterprise_VIS_0003_00000246.txt,210417_MtErie_Enterprise_IR_0004_00000247.txt,paired
247,248,210417_MtErie_Enterprise_VIS_0003_00000247.jpeg,210417_MtErie_Enterprise_IR_0004_00000248.jpeg,210417_MtErie_Enterprise_VIS_0003_00000247.txt,210417_MtErie_Enterprise_IR_0004_00000248.txt,paired
248,249,210417_MtErie_Enterprise_VIS_0003_00000248.jpeg,210417_MtErie_Enterprise_IR_0004_00000249.jpeg,210417_MtErie_Enterprise_VIS_0003_00000248.txt,210417_MtErie_Enterprise_IR_0004_00000249.txt,paired
249,250,210417_MtErie_Enterprise_VIS_0003_00000249.jpeg,210417_MtErie_Enterprise_IR_0004_00000250.jpeg,210417_MtErie_Enterprise_VIS_0003_00000249.txt,210417_MtErie_Enterprise_IR_0004_00000250.txt,paired
250,251,210417_MtErie_Enterprise_VIS_0003_00000250.jpeg,210417_MtErie_Enterprise_IR_0004_00000251.jpeg,210417_MtErie_Enterprise_VIS_0003_00000250.txt,210417_MtErie_Enterprise_IR_0004_00000251.txt,paired
251,252,210417_MtErie_Enterprise_VIS_0003_00000251.jpeg,210417_MtErie_Enterprise_IR_0004_00000252.jpeg,210417_MtErie_Enterprise_VIS_0003_00000251.txt,210417_MtErie_Enterprise_IR_0004_00000252.txt,paired
252,253,210417_MtErie_Enterprise_VIS_0003_00000252.jpeg,210417_MtErie_Enterprise_IR_0004_00000253.jpeg,210417_MtErie_Enterprise_VIS_0003_00000252.txt,210417_MtErie_Enterprise_IR_0004_00000253.txt,paired
253,254,210417_MtErie_Enterprise_VIS_0003_00000253.jpeg,210417_MtErie_Enterprise_IR_0004_00000254.jpeg,210417_MtErie_Enterprise_VIS_0003_00000253.txt,210417_MtErie_Enterprise_IR_0004_00000254.txt,paired
254,255,210417_MtErie_Enterprise_VIS_0003_00000254.jpeg,210417_MtErie_Enterprise_IR_0004_00000255.jpeg,210417_MtErie_Enterprise_VIS_0003_00000254.txt,210417_MtErie_Enterprise_IR_0004_00000255.txt,paired
255,256,210417_MtErie_Enterprise_VIS_0003_00000255.jpeg,210417_MtErie_Enterprise_IR_0004_00000256.jpeg,210417_MtErie_Enterprise_VIS_0003_00000255.txt,210417_MtErie_Enterprise_IR_0004_00000256.txt,paired
256,257,210417_MtErie_Enterprise_VIS_0003_00000256.jpeg,210417_MtErie_Enterprise_IR_0004_00000257.jpeg,210417_MtErie_Enterprise_VIS_0003_00000256.txt,210417_MtErie_Enterprise_IR_0004_00000257.txt,paired
257,258,210417_MtErie_Enterprise_VIS_0003_00000257.jpeg,210417_MtErie_Enterprise_IR_0004_00000258.jpeg,210417_MtErie_Enterprise_VIS_0003_00000257.txt,210417_MtErie_Enterprise_IR_0004_00000258.txt,paired
258,259,210417_MtErie_Enterprise_VIS_0003_00000258.jpeg,210417_MtErie_Enterprise_IR_0004_00000259.jpeg,210417_MtErie_Enterprise_VIS_0003_00000258.txt,210417_MtErie_Enterprise_IR_0004_00000259.txt,paired
259,260,210417_MtErie_Enterprise_VIS_0003_00000259.jpeg,210417_MtErie_Enterprise_IR_0004_00000260.jpeg,210417_MtErie_Enterprise_VIS_0003_00000259.txt,210417_MtErie_Enterprise_IR_0004_00000260.txt,paired
260,261,210417_MtErie_Enterprise_VIS_0003_00000260.jpeg,210417_MtErie_Enterprise_IR_0004_00000261.jpeg,210417_MtErie_Enterprise_VIS_0003_00000260.txt,210417_MtErie_Enterprise_IR_0004_00000261.txt,paired
261,262,210417_MtErie_Enterprise_VIS_0003_00000261.jpeg,210417_MtErie_Enterprise_IR_0004_00000262.jpeg,210417_MtErie_Enterprise_VIS_0003_00000261.txt,210417_MtErie_Enterprise_IR_0004_00000262.txt,paired
262,263,210417_MtErie_Enterprise_VIS_0003_00000262.jpeg,210417_MtErie_Enterprise_IR_0004_00000263.jpeg,210417_MtErie_Enterprise_VIS_0003_00000262.txt,210417_MtErie_Enterprise_IR_0004_00000263.txt,paired
263,264,210417_MtErie_Enterprise_VIS_0003_00000263.jpeg,210417_MtErie_Enterprise_IR_0004_00000264.jpeg,210417_MtErie_Enterprise_VIS_0003_00000263.txt,210417_MtErie_Enterprise_IR_0004_00000264.txt,paired
