recording_name,recording_path,collection_context,modality,date_token,location_token,platform_token,stream_identifier,image_count,annotation_count,image_extensions,annotation_extensions,minimum_frame_index,maximum_frame_index,unique_frame_index_count,obvious_gap_count,obvious_gap_examples,example_frame_names,parsing_status,evidence_status,interpretation
200321_Baker_Phantom_VIS,200321_Baker_Phantom_VIS,,,200321,,,,517,518,.jpg,.txt,0,516,517,0,,DJI_0001_00000000.jpg;DJI_0001_00000001.jpg;DJI_0001_00000002.jpg;DJI_0001_00000003.jpg;DJI_0001_00000004.jpg,ambiguous_or_unparsed,observed,"Recording identity, modality, grouping, and frame structure are ZIP path/name observations only; no flight or synchronization claim is made."
200402_Carnation_Inspire_VIS,200402_Carnation_Inspire_VIS,,,200402,,,,544,545,.jpeg,.txt,2227,2770,544,0,,200402_Carnation_Inspire_VIS_2227.jpeg;200402_Carnation_Inspire_VIS_2228.jpeg;200402_Carnation_Inspire_VIS_2229.jpeg;200402_Carnation_Inspire_VIS_2230.jpeg;200402_Carnation_Inspire_VIS_2231.jpeg,ambiguous_or_unparsed,observed,"Recording identity, modality, grouping, and frame structure are ZIP path/name observations only; no flight or synchronization claim is made."
200402_Karen_Inspire_VIS,200402_Karen_Inspire_VIS,,,200402,,,,2226,2227,.jpeg,.txt,,,2127,0,,200402_Karen_Inspire_VIS_1.jpeg;200402_Karen_Inspire_VIS_10.jpeg;200402_Karen_Inspire_VIS_100.jpeg;200402_Karen_Inspire_VIS_1000.jpeg;200402_Karen_Inspire_VIS_1001.jpeg,ambiguous_or_unparsed,observed,"Recording identity, modality, grouping, and frame structure are ZIP path/name observations only; no flight or synchronization claim is made."
200426_SkookumCreek_Mavic_Mini_VIS_0006,200426_SkookumCreek_Mavic_Mini_VIS_0006,200426_SkookumCreek_Mavic_Mini,VIS,200426,SkookumCreek_Mavic,Mini,0006,404,405,.jpg,.txt,0,403,404,0,,200426_SkookumCreek_Mavic_Mini_VIS_0006_00000000.jpg;200426_SkookumCreek_Mavic_Mini_VIS_0006_00000001.jpg;200426_SkookumCreek_Mavic_Mini_VIS_0006_00000002.jpg;200426_SkookumCreek_Mavic_Mini_VIS_0006_00000003.jpg;200426_SkookumCreek_Mavic_Mini_VIS_0006_00000004.jpg,parsed,observed,"Recording identity, modality, grouping, and frame structure are ZIP path/name observations only; no flight or synchronization claim is made."
200426_SkookumCreek_Mavic_Mini_VIS_0007,200426_SkookumCreek_Mavic_Mini_VIS_0007,200426_SkookumCreek_Mavic_Mini,VIS,200426,SkookumCreek_Mavic,Mini,0007,1460,1461,.jpg,.txt,0,1459,1460,0,,200426_SkookumCreek_Mavic_Mini_VIS_0007_00000000.jpg;200426_SkookumCreek_Mavic_Mini_VIS_0007_00000001.jpg;200426_SkookumCreek_Mavic_Mini_VIS_0007_00000002.jpg;200426_SkookumCreek_Mavic_Mini_VIS_0007_00000003.jpg;200426_SkookumCreek_Mavic_Mini_VIS_0007_00000004.jpg,parsed,observed,"Recording identity, modality, grouping, and frame structure are ZIP path/name observations only; no flight or synchronization claim is made."
200426_SkookumCreek_Mavic_Mini_VIS_0008,200426_SkookumCreek_Mavic_Mini_VIS_0008,200426_SkookumCreek_Mavic_Mini,VIS,200426,SkookumCreek_Mavic,Mini,0008,939,940,.jpg,.txt,0,949,939,11,889;890;891;892;893;894;895;910;911;912;913,200426_SkookumCreek_Mavic_Mini_VIS_0008_00000000.jpg;200426_SkookumCreek_Mavic_Mini_VIS_0008_00000001.jpg;200426_SkookumCreek_Mavic_Mini_VIS_0008_00000002.jpg;200426_SkookumCreek_Mavic_Mini_VIS_0008_00000003.jpg;200426_SkookumCreek_Mavic_Mini_VIS_0008_00000004.jpg,parsed,observed,"Recording identity, modality, grouping, and frame structure are ZIP path/name observations only; no flight or synchronization claim is made."
200505_Bellingham_Mavic_Mini_VIS_0015,200505_Bellingham_Mavic_Mini_VIS_0015,200505_Bellingham_Mavic_Mini,VIS,200505,Bellingham_Mavic,Mini,0015,454,455,.jpg,.txt,0,453,454,0,,200505_Bellingham_Mavic_Mini_VIS_0015_00000000.jpg;200505_Bellingham_Mavic_Mini_VIS_0015_00000001.jpg;200505_Bellingham_Mavic_Mini_VIS_0015_00000002.jpg;200505_Bellingham_Mavic_Mini_VIS_0015_00000003.jpg;200505_Bellingham_Mavic_Mini_VIS_0015_00000004.jpg,parsed,observed,"Recording identity, modality, grouping, and frame structure are ZIP path/name observations only; no flight or synchronization claim is made."
200505_Bellingham_Mavic_Mini_VIS_0016,200505_Bellingham_Mavic_Mini_VIS_0016,200505_Bellingham_Mavic_Mini,VIS,200505,Bellingham_Mavic,Mini,0016,303,304,.jpg,.txt,0,302,303,0,,200505_Bellingham_Mavic_Mini_VIS_0016_00000000.jpg;200505_Bellingham_Mavic_Mini_VIS_0016_00000001.jpg;200505_Bellingham_Mavic_Mini_VIS_0016_00000002.jpg;200505_Bellingham_Mavic_Mini_VIS_0016_00000003.jpg;200505_Bellingham_Mavic_Mini_VIS_0016_00000004.jpg,parsed,observed,"Recording identity, modality, grouping, and frame structure are ZIP path/name observations only; no flight or synchronization claim is made."
200528_Everson_Mavic_Mini_VIS_0021,200528_Everson_Mavic_Mini_VIS_0021,200528_Everson_Mavic_Mini,VIS,200528,Everson_Mavic,Mini,0021,500,501,.jpg,.txt,0,499,500,0,,DJI_0021 (1-6-2022 8-21-53 AM).mp4_00000.jpg;DJI_0021 (1-6-2022 8-21-53 AM).mp4_00001.jpg;DJI_0021 (1-6-2022 8-21-53 AM).mp4_00002.jpg;DJI_0021 (1-6-2022 8-21-53 AM).mp4_00003.jpg;DJI_0021 (1-6-2022 8-21-53 AM).mp4_00004.jpg,parsed,observed,"Recording identity, modality, grouping, and frame structure are ZIP path/name observations only; no flight or synchronization claim is made."
200528_Everson_Mavic_Mini_VIS_0028,200528_Everson_Mavic_Mini_VIS_0028,200528_Everson_Mavic_Mini,VIS,200528,Everson_Mavic,Mini,0028,336,337,.jpg,.txt,0,335,336,0,,200528_Everson_Mavic_Mini_VIS_0028_00000000.jpg;200528_Everson_Mavic_Mini_VIS_0028_00000001.jpg;200528_Everson_Mavic_Mini_VIS_0028_00000002.jpg;200528_Everson_Mavic_Mini_VIS_0028_00000003.jpg;200528_Everson_Mavic_Mini_VIS_0028_00000004.jpg,parsed,observed,"Recording identity, modality, grouping, and frame structure are ZIP path/name observations only; no flight or synchronization claim is made."
200528_Everson_Mavic_Mini_VIS_0029,200528_Everson_Mavic_Mini_VIS_0029,200528_Everson_Mavic_Mini,VIS,200528,Everson_Mavic,Mini,0029,237,238,.jpg,.txt,0,236,237,0,,200528_Everson_Mavic_Mini_VIS_0029_00000000.jpg;200528_Everson_Mavic_Mini_VIS_0029_00000001.jpg;200528_Everson_Mavic_Mini_VIS_0029_00000002.jpg;200528_Everson_Mavic_Mini_VIS_0029_00000003.jpg;200528_Everson_Mavic_Mini_VIS_0029_00000004.jpg,parsed,observed,"Recording identity, modality, grouping, and frame structure are ZIP path/name observations only; no flight or synchronization claim is made."
200528_Everson_Mavic_Mini_VIS_0031,200528_Everson_Mavic_Mini_VIS_0031,200528_Everson_Mavic_Mini,VIS,200528,Everson_Mavic,Mini,0031,400,401,.jpg,.txt,0,399,400,0,,DJI_0031 (1-6-2022 8-22-14 AM).mp4_00000.jpg;DJI_0031 (1-6-2022 8-22-14 AM).mp4_00001.jpg;DJI_0031 (1-6-2022 8-22-14 AM).mp4_00002.jpg;DJI_0031 (1-6-2022 8-22-14 AM).mp4_00003.jpg;DJI_0031 (1-6-2022 8-22-14 AM).mp4_00004.jpg,parsed,observed,"Recording identity, modality, grouping, and frame structure are ZIP path/name observations only; no flight or synchronization claim is made."
200614_SuddenValley_Phantom_VIS_0005,200614_SuddenValley_Phantom_VIS_0005,200614_SuddenValley_Phantom,VIS,200614,SuddenValley,Phantom,0005,379,380,.jpg,.txt,0,393,379,15,91;92;93;94;95;96;97;98;99;100;102;103;104;105;106,200614_SuddenValley_Phantom_VIS_0005_00000000.jpg;200614_SuddenValley_Phantom_VIS_0005_00000001.jpg;200614_SuddenValley_Phantom_VIS_0005_00000002.jpg;200614_SuddenValley_Phantom_VIS_0005_00000003.jpg;200614_SuddenValley_Phantom_VIS_0005_00000004.jpg,parsed,observed,"Recording identity, modality, grouping, and frame structure are ZIP path/name observations only; no flight or synchronization claim is made."
200614_SuddenValley_Phantom_VIS_0006,200614_SuddenValley_Phantom_VIS_0006,200614_SuddenValley_Phantom,VIS,200614,SuddenValley,Phantom,0006,387,388,.jpg,.txt,22,408,387,0,,200614_SuddenValley_Phantom_VIS_0006_00000022.jpg;200614_SuddenValley_Phantom_VIS_0006_00000023.jpg;200614_SuddenValley_Phantom_VIS_0006_00000024.jpg;200614_SuddenValley_Phantom_VIS_0006_00000025.jpg;200614_SuddenValley_Phantom_VIS_0006_00000026.jpg,parsed,observed,"Recording identity, modality, grouping, and frame structure are ZIP path/name observations only; no flight or synchronization claim is made."
200614_SuddenValley_Phantom_VIS_0012,200614_SuddenValley_Phantom_VIS_0012,200614_SuddenValley_Phantom,VIS,200614,SuddenValley,Phantom,0012,41,42,.jpg,.txt,0,40,41,0,,200614_SuddenValley_Phantom_VIS_0012_00000000.jpg;200614_SuddenValley_Phantom_VIS_0012_00000001.jpg;200614_SuddenValley_Phantom_VIS_0012_00000002.jpg;200614_SuddenValley_Phantom_VIS_0012_00000003.jpg;200614_SuddenValley_Phantom_VIS_0012_00000004.jpg,parsed,observed,"Recording identity, modality, grouping, and frame structure are ZIP path/name observations only; no flight or synchronization claim is made."
200614_SuddenValley_Phantom_VIS_0013,200614_SuddenValley_Phantom_VIS_0013,200614_SuddenValley_Phantom,VIS,200614,SuddenValley,Phantom,0013,63,64,.jpg,.txt,1,63,63,0,,200614_SuddenValley_Phantom_VIS_0013_00000001.jpg;200614_SuddenValley_Phantom_VIS_0013_00000002.jpg;200614_SuddenValley_Phantom_VIS_0013_00000003.jpg;200614_SuddenValley_Phantom_VIS_0013_00000004.jpg;200614_SuddenValley_Phantom_VIS_0013_00000005.jpg,parsed,observed,"Recording identity, modality, grouping, and frame structure are ZIP path/name observations only; no flight or synchronization claim is made."
200614_SuddenValley_Phantom_VIS_0014,200614_SuddenValley_Phantom_VIS_0014,200614_SuddenValley_Phantom,VIS,200614,SuddenValley,Phantom,0014,235,236,.jpg,.txt,0,260,235,26,72;73;74;75;76;77;78;79;80;81;82;83;84;85;86;87;88;89;90;91,200614_SuddenValley_Phantom_VIS_0014_00000000.jpg;200614_SuddenValley_Phantom_VIS_0014_00000001.jpg;200614_SuddenValley_Phantom_VIS_0014_00000002.jpg;200614_SuddenValley_Phantom_VIS_0014_00000003.jpg;200614_SuddenValley_Phantom_VIS_0014_00000004.jpg,parsed,observed,"Recording identity, modality, grouping, and frame structure are ZIP path/name observations only; no flight or synchronization claim is made."
200704_Baker_FLIR_IR_1,200704_Baker_FLIR_IR_1,200704_Baker_FLIR,IR,200704,Baker,FLIR,1,912,913,.jpg,.txt,,,0,0,,200704_baker__FLIR_1_ 0001.jpg;200704_baker__FLIR_1_ 0002.jpg;200704_baker__FLIR_1_ 0003.jpg;200704_baker__FLIR_1_ 0004.jpg;200704_baker__FLIR_1_ 0005.jpg,parsed,observed,"Recording identity, modality, grouping, and frame structure are ZIP path/name observations only; no flight or synchronization claim is made."
200704_Baker_FLIR_IR_2,200704_Baker_FLIR_IR_2,200704_Baker_FLIR,IR,200704,Baker,FLIR,2,1081,1082,.jpg,.txt,,,0,0,,200704_baker_FLIR_2_ 0001.jpg;200704_baker_FLIR_2_ 0002.jpg;200704_baker_FLIR_2_ 0003.jpg;200704_baker_FLIR_2_ 0004.jpg;200704_baker_FLIR_2_ 0005.jpg,parsed,observed,"Recording identity, modality, grouping, and frame structure are ZIP path/name observations only; no flight or synchronization claim is made."
200717_Mission_FLIR_VIS,200717_Mission_FLIR_VIS,,,200717,,,,363,364,.jpg,.txt,63,425,363,0,,200717_Mission_FLIR_VIS_00000063.jpg;200717_Mission_FLIR_VIS_00000064.jpg;200717_Mission_FLIR_VIS_00000065.jpg;200717_Mission_FLIR_VIS_00000066.jpg;200717_Mission_FLIR_VIS_00000067.jpg,ambiguous_or_unparsed,observed,"Recording identity, modality, grouping, and frame structure are ZIP path/name observations only; no flight or synchronization claim is made."
200910_Carnation_FLIR_IR_1,200910_Carnation_FLIR_IR_1,200910_Carnation_FLIR,IR,200910,Carnation,FLIR,1,183,184,.jpg,.txt,,,0,0,,20200911_003757_IR 270.jpg;20200911_003757_IR 271.jpg;20200911_003757_IR 272.jpg;20200911_003757_IR 273.jpg;20200911_003757_IR 274.jpg,parsed,observed,"Recording identity, modality, grouping, and frame structure are ZIP path/name observations only; no flight or synchronization claim is made."
200910_Carnation_FLIR_IR_2,200910_Carnation_FLIR_IR_2,200910_Carnation_FLIR,IR,200910,Carnation,FLIR,2,450,451,.jpg,.txt,,,0,0,,20200911_003901_IR 001.jpg;20200911_003901_IR 002.jpg;20200911_003901_IR 003.jpg;20200911_003901_IR 004.jpg;20200911_003901_IR 005.jpg,parsed,observed,"Recording identity, modality, grouping, and frame structure are ZIP path/name observations only; no flight or synchronization claim is made."
200910_Carnation_FLIR_IR_3,200910_Carnation_FLIR_IR_3,200910_Carnation_FLIR,IR,200910,Carnation,FLIR,3,452,453,.jpg,.txt,,,0,0,,20200910_222807_IR 001.jpg;20200910_222807_IR 002.jpg;20200910_222807_IR 003.jpg;20200910_222807_IR 004.jpg;20200910_222807_IR 005.jpg,parsed,observed,"Recording identity, modality, grouping, and frame structure are ZIP path/name observations only; no flight or synchronization claim is made."
200910_Carnation_FLIR_IR_4,200910_Carnation_FLIR_IR_4,200910_Carnation_FLIR,IR,200910,Carnation,FLIR,4,452,453,.jpg,.txt,,,0,0,,20200910_222907_IR 001.jpg;20200910_222907_IR 002.jpg;20200910_222907_IR 003.jpg;20200910_222907_IR 004.jpg;20200910_222907_IR 005.jpg,parsed,observed,"Recording identity, modality, grouping, and frame structure are ZIP path/name observations only; no flight or synchronization claim is made."
200910_Carnation_FLIR_IR_5,200910_Carnation_FLIR_IR_5,200910_Carnation_FLIR,IR,200910,Carnation,FLIR,5,452,453,.jpg,.txt,,,0,0,,20200910_223011_IR 001.jpg;20200910_223011_IR 002.jpg;20200910_223011_IR 003.jpg;20200910_223011_IR 004.jpg;20200910_223011_IR 005.jpg,parsed,observed,"Recording identity, modality, grouping, and frame structure are ZIP path/name observations only; no flight or synchronization claim is made."
200910_Carnation_FLIR_IR_6,200910_Carnation_FLIR_IR_6,200910_Carnation_FLIR,IR,200910,Carnation,FLIR,6,452,453,.jpg,.txt,,,0,0,,20200910_223113_IR 001.jpg;20200910_223113_IR 002.jpg;20200910_223113_IR 003.jpg;20200910_223113_IR 004.jpg;20200910_223113_IR 005.jpg,parsed,observed,"Recording identity, modality, grouping, and frame structure are ZIP path/name observations only; no flight or synchronization claim is made."
200910_Carnation_FLIR_IR_7,200910_Carnation_FLIR_IR_7,200910_Carnation_FLIR,IR,200910,Carnation,FLIR,7,408,409,.jpg,.txt,,,0,0,,20200910_223217_IR 001.jpg;20200910_223217_IR 002.jpg;20200910_223217_IR 003.jpg;20200910_223217_IR 004.jpg;20200910_223217_IR 005.jpg,parsed,observed,"Recording identity, modality, grouping, and frame structure are ZIP path/name observations only; no flight or synchronization claim is made."
200929_Karen_FLIR_IR_1,200929_Karen_FLIR_IR_1,200929_Karen_FLIR,IR,200929,Karen,FLIR,1,452,453,.jpg,.txt,,,0,0,,20200929_133252_IR 001.jpg;20200929_133252_IR 002.jpg;20200929_133252_IR 003.jpg;20200929_133252_IR 004.jpg;20200929_133252_IR 005.jpg,parsed,observed,"Recording identity, modality, grouping, and frame structure are ZIP path/name observations only; no flight or synchronization claim is made."
200929_Karen_FLIR_IR_2,200929_Karen_FLIR_IR_2,200929_Karen_FLIR,IR,200929,Karen,FLIR,2,452,453,.jpg,.txt,,,0,0,,20200929_133653_IR 001.jpg;20200929_133653_IR 002.jpg;20200929_133653_IR 003.jpg;20200929_133653_IR 004.jpg;20200929_133653_IR 005.jpg,parsed,observed,"Recording identity, modality, grouping, and frame structure are ZIP path/name observations only; no flight or synchronization claim is made."
200929_Karen_FLIR_IR_3,200929_Karen_FLIR_IR_3,200929_Karen_FLIR,IR,200929,Karen,FLIR,3,452,453,.jpg,.txt,,,0,0,,20200929_133753_IR 001.jpg;20200929_133753_IR 002.jpg;20200929_133753_IR 003.jpg;20200929_133753_IR 004.jpg;20200929_133753_IR 005.jpg,parsed,observed,"Recording identity, modality, grouping, and frame structure are ZIP path/name observations only; no flight or synchronization claim is made."
200929_Karen_FLIR_IR_4,200929_Karen_FLIR_IR_4,200929_Karen_FLIR,IR,200929,Karen,FLIR,4,452,453,.jpg,.txt,,,0,0,,20200929_133853_IR 001.jpg;20200929_133853_IR 002.jpg;20200929_133853_IR 003.jpg;20200929_133853_IR 004.jpg;20200929_133853_IR 005.jpg,parsed,observed,"Recording identity, modality, grouping, and frame structure are ZIP path/name observations only; no flight or synchronization claim is made."
200929_Karen_FLIR_IR_5,200929_Karen_FLIR_IR_5,200929_Karen_FLIR,IR,200929,Karen,FLIR,5,452,453,.jpg,.txt,,,0,0,,20200929_133954_IR 001.jpg;20200929_133954_IR 002.jpg;20200929_133954_IR 003.jpg;20200929_133954_IR 004.jpg;20200929_133954_IR 005.jpg,parsed,observed,"Recording identity, modality, grouping, and frame structure are ZIP path/name observations only; no flight or synchronization claim is made."
200929_Karen_FLIR_IR_6,200929_Karen_FLIR_IR_6,200929_Karen_FLIR,IR,200929,Karen,FLIR,6,451,452,.jpg,.txt,,,0,0,,20200929_134258_IR 001.jpg;20200929_134258_IR 002.jpg;20200929_134258_IR 003.jpg;20200929_134258_IR 004.jpg;20200929_134258_IR 005.jpg,parsed,observed,"Recording identity, modality, grouping, and frame structure are ZIP path/name observations only; no flight or synchronization claim is made."
210327_Airfield_FLIR_IR_1,210327_Airfield_FLIR_IR_1,210327_Airfield_FLIR,IR,210327,Airfield,FLIR,1,983,984,.jpg,.txt,0,982,983,0,,20210327_120445_IR_H264 (1-6-2022 8-28-04 AM).mp4_00000.jpg;20210327_120445_IR_H264 (1-6-2022 8-28-04 AM).mp4_00001.jpg;20210327_120445_IR_H264 (1-6-2022 8-28-04 AM).mp4_00002.jpg;20210327_120445_IR_H264 (1-6-2022 8-28-04 AM).mp4_00003.jpg;20210327_120445_IR_H264 (1-6-2022 8-28-04 AM).mp4_00004.jpg,parsed,observed,"Recording identity, modality, grouping, and frame structure are ZIP path/name observations only; no flight or synchronization claim is made."
210327_Airfield_FLIR_IR_2,210327_Airfield_FLIR_IR_2,210327_Airfield_FLIR,IR,210327,Airfield,FLIR,2,922,923,.jpg,.txt,0,921,922,0,,20210327_113815_IR_H264 (1-6-2022 8-27-33 AM).mp4_00000.jpg;20210327_113815_IR_H264 (1-6-2022 8-27-33 AM).mp4_00001.jpg;20210327_113815_IR_H264 (1-6-2022 8-27-33 AM).mp4_00002.jpg;20210327_113815_IR_H264 (1-6-2022 8-27-33 AM).mp4_00003.jpg;20210327_113815_IR_H264 (1-6-2022 8-27-33 AM).mp4_00004.jpg,parsed,observed,"Recording identity, modality, grouping, and frame structure are ZIP path/name observations only; no flight or synchronization claim is made."
210327_Airfield_FLIR_IR_3,210327_Airfield_FLIR_IR_3,210327_Airfield_FLIR,IR,210327,Airfield,FLIR,3,1062,1063,.jpg,.txt,0,1061,1062,0,,20210327_114712_IR_H264 (1-6-2022 8-27-38 AM).mp4_00000.jpg;20210327_114712_IR_H264 (1-6-2022 8-27-38 AM).mp4_00001.jpg;20210327_114712_IR_H264 (1-6-2022 8-27-38 AM).mp4_00002.jpg;20210327_114712_IR_H264 (1-6-2022 8-27-38 AM).mp4_00003.jpg;20210327_114712_IR_H264 (1-6-2022 8-27-38 AM).mp4_00004.jpg,parsed,observed,"Recording identity, modality, grouping, and frame structure are ZIP path/name observations only; no flight or synchronization claim is made."
210327_Airfield_FLIR_IR_4,210327_Airfield_FLIR_IR_4,210327_Airfield_FLIR,IR,210327,Airfield,FLIR,4,1061,1062,.jpg,.txt,0,1060,1061,0,,20210327_115044_IR_H264 (1-6-2022 8-27-43 AM).mp4_00000.jpg;20210327_115044_IR_H264 (1-6-2022 8-27-43 AM).mp4_00001.jpg;20210327_115044_IR_H264 (1-6-2022 8-27-43 AM).mp4_00002.jpg;20210327_115044_IR_H264 (1-6-2022 8-27-43 AM).mp4_00003.jpg;20210327_115044_IR_H264 (1-6-2022 8-27-43 AM).mp4_00004.jpg,parsed,observed,"Recording identity, modality, grouping, and frame structure are ZIP path/name observations only; no flight or synchronization claim is made."
210327_Airfield_FLIR_IR_5,210327_Airfield_FLIR_IR_5,210327_Airfield_FLIR,IR,210327,Airfield,FLIR,5,313,314,.jpg,.txt,0,312,313,0,,20210327_115416_IR_H264 (1-6-2022 8-27-52 AM).mp4_00000.jpg;20210327_115416_IR_H264 (1-6-2022 8-27-52 AM).mp4_00001.jpg;20210327_115416_IR_H264 (1-6-2022 8-27-52 AM).mp4_00002.jpg;20210327_115416_IR_H264 (1-6-2022 8-27-52 AM).mp4_00003.jpg;20210327_115416_IR_H264 (1-6-2022 8-27-52 AM).mp4_00004.jpg,parsed,observed,"Recording identity, modality, grouping, and frame structure are ZIP path/name observations only; no flight or synchronization claim is made."
210327_Airfield_FLIR_IR_6,210327_Airfield_FLIR_IR_6,210327_Airfield_FLIR,IR,210327,Airfield,FLIR,6,1059,1060,.jpg,.txt,0,1058,1059,0,,20210327_115741_IR_H264 (1-6-2022 8-27-56 AM).mp4_00000.jpg;20210327_115741_IR_H264 (1-6-2022 8-27-56 AM).mp4_00001.jpg;20210327_115741_IR_H264 (1-6-2022 8-27-56 AM).mp4_00002.jpg;20210327_115741_IR_H264 (1-6-2022 8-27-56 AM).mp4_00003.jpg;20210327_115741_IR_H264 (1-6-2022 8-27-56 AM).mp4_00004.jpg,parsed,observed,"Recording identity, modality, grouping, and frame structure are ZIP path/name observations only; no flight or synchronization claim is made."
210327_Airfield_FLIR_IR_7,210327_Airfield_FLIR_IR_7,210327_Airfield_FLIR,IR,210327,Airfield,FLIR,7,1059,1060,.jpg,.txt,0,1058,1059,0,,20210327_120113_IR_H264 (1-6-2022 8-28-00 AM).mp4_00000.jpg;20210327_120113_IR_H264 (1-6-2022 8-28-00 AM).mp4_00001.jpg;20210327_120113_IR_H264 (1-6-2022 8-28-00 AM).mp4_00002.jpg;20210327_120113_IR_H264 (1-6-2022 8-28-00 AM).mp4_00003.jpg;20210327_120113_IR_H264 (1-6-2022 8-28-00 AM).mp4_00004.jpg,parsed,observed,"Recording identity, modality, grouping, and frame structure are ZIP path/name observations only; no flight or synchronization claim is made."
210327_Airfield_FLIR_IR_8,210327_Airfield_FLIR_IR_8,210327_Airfield_FLIR,IR,210327,Airfield,FLIR,8,415,416,.jpg,.txt,161,575,415,0,,210327_Airfield_FLIR_8_IR_8_00000161.jpg;210327_Airfield_FLIR_8_IR_8_00000162.jpg;210327_Airfield_FLIR_8_IR_8_00000163.jpg;210327_Airfield_FLIR_8_IR_8_00000164.jpg;210327_Airfield_FLIR_8_IR_8_00000165.jpg,parsed,observed,"Recording identity, modality, grouping, and frame structure are ZIP path/name observations only; no flight or synchronization claim is made."
210327_Airfield_FLIR_VIS_1,210327_Airfield_FLIR_VIS_1,210327_Airfield_FLIR,VIS,210327,Airfield,FLIR,1,497,498,.jpg,.txt,75,571,497,0,,210327_Airfield_FLIR_VIS_1_00000075.jpg;210327_Airfield_FLIR_VIS_1_00000076.jpg;210327_Airfield_FLIR_VIS_1_00000077.jpg;210327_Airfield_FLIR_VIS_1_00000078.jpg;210327_Airfield_FLIR_VIS_1_00000079.jpg,parsed,observed,"Recording identity, modality, grouping, and frame structure are ZIP path/name observations only; no flight or synchronization claim is made."
210327_Airfield_FLIR_VIS_2,210327_Airfield_FLIR_VIS_2,210327_Airfield_FLIR,VIS,210327,Airfield,FLIR,2,249,250,.jpg,.txt,0,248,249,0,,210327_Airfield_FLIR_VIS_2_00000000.jpg;210327_Airfield_FLIR_VIS_2_00000001.jpg;210327_Airfield_FLIR_VIS_2_00000002.jpg;210327_Airfield_FLIR_VIS_2_00000003.jpg;210327_Airfield_FLIR_VIS_2_00000004.jpg,parsed,observed,"Recording identity, modality, grouping, and frame structure are ZIP path/name observations only; no flight or synchronization claim is made."
210327_Airfield_FLIR_VIS_3,210327_Airfield_FLIR_VIS_3,210327_Airfield_FLIR,VIS,210327,Airfield,FLIR,3,302,303,.jpg,.txt,270,571,302,0,,210327_Airfield_FLIR_VIS_3_00000270.jpg;210327_Airfield_FLIR_VIS_3_00000271.jpg;210327_Airfield_FLIR_VIS_3_00000272.jpg;210327_Airfield_FLIR_VIS_3_00000273.jpg;210327_Airfield_FLIR_VIS_3_00000274.jpg,parsed,observed,"Recording identity, modality, grouping, and frame structure are ZIP path/name observations only; no flight or synchronization claim is made."
210327_Airfield_FLIR_VIS_4,210327_Airfield_FLIR_VIS_4,210327_Airfield_FLIR,VIS,210327,Airfield,FLIR,4,572,573,.jpg,.txt,0,571,572,0,,210327_Airfield_FLIR_VIS_4_00000000.jpg;210327_Airfield_FLIR_VIS_4_00000001.jpg;210327_Airfield_FLIR_VIS_4_00000002.jpg;210327_Airfield_FLIR_VIS_4_00000003.jpg;210327_Airfield_FLIR_VIS_4_00000004.jpg,parsed,observed,"Recording identity, modality, grouping, and frame structure are ZIP path/name observations only; no flight or synchronization claim is made."
210417_MtErie_Enterprise_IR_0004,210417_MtErie_Enterprise_IR_0004,210417_MtErie_Enterprise,IR,210417,MtErie,Enterprise,0004,264,265,.jpeg,.txt,1,264,264,0,,210417_MtErie_Enterprise_IR_0004_00000001.jpeg;210417_MtErie_Enterprise_IR_0004_00000002.jpeg;210417_MtErie_Enterprise_IR_0004_00000003.jpeg;210417_MtErie_Enterprise_IR_0004_00000004.jpeg;210417_MtErie_Enterprise_IR_0004_00000005.jpeg,parsed,observed,"Recording identity, modality, grouping, and frame structure are ZIP path/name observations only; no flight or synchronization claim is made."
210417_MtErie_Enterprise_IR_0006,210417_MtErie_Enterprise_IR_0006,210417_MtErie_Enterprise,IR,210417,MtErie,Enterprise,0006,272,273,.jpeg,.txt,0,290,272,19,161;162;163;164;165;166;167;168;169;170;171;172;173;174;175;176;177;178;179,210417_MtErie_Enterprise_IR_0006_00000.jpeg;210417_MtErie_Enterprise_IR_0006_00001.jpeg;210417_MtErie_Enterprise_IR_0006_00002.jpeg;210417_MtErie_Enterprise_IR_0006_00003.jpeg;210417_MtErie_Enterprise_IR_0006_00004.jpeg,parsed,observed,"Recording identity, modality, grouping, and frame structure are ZIP path/name observations only; no flight or synchronization claim is made."
210417_MtErie_Enterprise_IR_0008,210417_MtErie_Enterprise_IR_0008,210417_MtErie_Enterprise,IR,210417,MtErie,Enterprise,0008,172,173,.jpeg,.txt,1,179,172,7,60;79;169;170;171;172;173,210417_MtErie_Enterprise_IR_0008_out_frame_00001.jpeg;210417_MtErie_Enterprise_IR_0008_out_frame_00002.jpeg;210417_MtErie_Enterprise_IR_0008_out_frame_00003.jpeg;210417_MtErie_Enterprise_IR_0008_out_frame_00004.jpeg;210417_MtErie_Enterprise_IR_0008_out_frame_00005.jpeg,parsed,observed,"Recording identity, modality, grouping, and frame structure are ZIP path/name observations only; no flight or synchronization claim is made."
210417_MtErie_Enterprise_VIS_0003,210417_MtErie_Enterprise_VIS_0003,210417_MtErie_Enterprise,VIS,210417,MtErie,Enterprise,0003,264,265,.jpeg,.txt,0,263,264,0,,210417_MtErie_Enterprise_VIS_0003_00000000.jpeg;210417_MtErie_Enterprise_VIS_0003_00000001.jpeg;210417_MtErie_Enterprise_VIS_0003_00000002.jpeg;210417_MtErie_Enterprise_VIS_0003_00000003.jpeg;210417_MtErie_Enterprise_VIS_0003_00000004.jpeg,parsed,observed,"Recording identity, modality, grouping, and frame structure are ZIP path/name observations only; no flight or synchronization claim is made."
210417_MtErie_Enterprise_VIS_0005,210417_MtErie_Enterprise_VIS_0005,210417_MtErie_Enterprise,VIS,210417,MtErie,Enterprise,0005,272,273,.jpeg,.txt,0,290,272,19,161;162;163;164;165;166;167;168;169;170;171;172;173;174;175;176;177;178;179,210417_MtErie_Enterprise_VIS_0005_00000000.jpeg;210417_MtErie_Enterprise_VIS_0005_00000001.jpeg;210417_MtErie_Enterprise_VIS_0005_00000002.jpeg;210417_MtErie_Enterprise_VIS_0005_00000003.jpeg;210417_MtErie_Enterprise_VIS_0005_00000004.jpeg,parsed,observed,"Recording identity, modality, grouping, and frame structure are ZIP path/name observations only; no flight or synchronization claim is made."
210417_MtErie_Enterprise_VIS_0007,210417_MtErie_Enterprise_VIS_0007,210417_MtErie_Enterprise,VIS,210417,MtErie,Enterprise,0007,172,173,.jpeg,.txt,1,179,172,7,60;79;169;170;171;172;173,210417_MtErie_Enterprise_VIS_0007_00000001.jpeg;210417_MtErie_Enterprise_VIS_0007_00000002.jpeg;210417_MtErie_Enterprise_VIS_0007_00000003.jpeg;210417_MtErie_Enterprise_VIS_0007_00000004.jpeg;210417_MtErie_Enterprise_VIS_0007_00000005.jpeg,parsed,observed,"Recording identity, modality, grouping, and frame structure are ZIP path/name observations only; no flight or synchronization claim is made."
210529_Carnation_Enterprise_IR_0024,210529_Carnation_Enterprise_IR_0024,210529_Carnation_Enterprise,IR,210529,Carnation,Enterprise,0024,740,741,.jpg,.txt,0,1045,740,306,441;442;443;444;445;446;447;448;449;450;451;452;453;454;455;456;457;458;459;460,210529_Carnation_Enterprise_IR_0024_00000000.jpg;210529_Carnation_Enterprise_IR_0024_00000001.jpg;210529_Carnation_Enterprise_IR_0024_00000002.jpg;210529_Carnation_Enterprise_IR_0024_00000003.jpg;210529_Carnation_Enterprise_IR_0024_00000004.jpg,parsed,observed,"Recording identity, modality, grouping, and frame structure are ZIP path/name observations only; no flight or synchronization claim is made."
210529_Carnation_Enterprise_IR_0026,210529_Carnation_Enterprise_IR_0026,210529_Carnation_Enterprise,IR,210529,Carnation,Enterprise,0026,1315,1,.jpg,.txt,0,1455,1315,141,654;826;827;828;829;830;831;832;833;834;835;836;837;838;839;840;841;842;843;844,DJI_0026_00000000.jpg;DJI_0026_00000001.jpg;DJI_0026_00000002.jpg;DJI_0026_00000003.jpg;DJI_0026_00000004.jpg,parsed,observed,"Recording identity, modality, grouping, and frame structure are ZIP path/name observations only; no flight or synchronization claim is made."
210529_Carnation_Enterprise_VIS_0023,210529_Carnation_Enterprise_VIS_0023,210529_Carnation_Enterprise,VIS,210529,Carnation,Enterprise,0023,739,740,.jpg,.txt,0,1044,739,306,441;442;443;444;445;446;447;448;449;450;451;452;453;454;455;456;457;458;459;460,210529_Carnation_Enterprise_VIS_0023_00000000.jpg;210529_Carnation_Enterprise_VIS_0023_00000001.jpg;210529_Carnation_Enterprise_VIS_0023_00000002.jpg;210529_Carnation_Enterprise_VIS_0023_00000003.jpg;210529_Carnation_Enterprise_VIS_0023_00000004.jpg,parsed,observed,"Recording identity, modality, grouping, and frame structure are ZIP path/name observations only; no flight or synchronization claim is made."
210529_Carnation_Enterprise_VIS_0025,210529_Carnation_Enterprise_VIS_0025,210529_Carnation_Enterprise,VIS,210529,Carnation,Enterprise,0025,1315,1316,.jpg,.txt,0,1453,1315,139,826;827;828;829;830;831;832;833;834;835;836;837;838;839;840;841;842;843;844;845,210529_Carnation_Enterprise_VIS_0025_00000000.jpg;210529_Carnation_Enterprise_VIS_0025_00000001.jpg;210529_Carnation_Enterprise_VIS_0025_00000002.jpg;210529_Carnation_Enterprise_VIS_0025_00000003.jpg;210529_Carnation_Enterprise_VIS_0025_00000004.jpg,parsed,observed,"Recording identity, modality, grouping, and frame structure are ZIP path/name observations only; no flight or synchronization claim is made."
210812_Hannegan_Enterprise_IR_0054,210812_Hannegan_Enterprise_IR_0054,210812_Hannegan_Enterprise,IR,210812,Hannegan,Enterprise,0054,715,1,.jpg,.txt,0,715,715,1,464,DJI_0054_00000000.jpg;DJI_0054_00000001.jpg;DJI_0054_00000002.jpg;DJI_0054_00000003.jpg;DJI_0054_00000004.jpg,parsed,observed,"Recording identity, modality, grouping, and frame structure are ZIP path/name observations only; no flight or synchronization claim is made."
210812_Hannegan_Enterprise_IR_0056,210812_Hannegan_Enterprise_IR_0056,210812_Hannegan_Enterprise,IR,210812,Hannegan,Enterprise,0056,422,1,.jpg,.txt,0,439,422,18,335;347;348;349;358;360;361;378;383;387;394;396;403;408;417;422;424;426,DJI_0056_00000000.jpg;DJI_0056_00000001.jpg;DJI_0056_00000002.jpg;DJI_0056_00000003.jpg;DJI_0056_00000004.jpg,parsed,observed,"Recording identity, modality, grouping, and frame structure are ZIP path/name observations only; no flight or synchronization claim is made."
210812_Hannegan_Enterprise_VIS_0053,210812_Hannegan_Enterprise_VIS_0053,210812_Hannegan_Enterprise,VIS,210812,Hannegan,Enterprise,0053,715,1,.jpg,.txt,0,715,715,1,34,DJI_0053_00000000.jpg;DJI_0053_00000001.jpg;DJI_0053_00000002.jpg;DJI_0053_00000003.jpg;DJI_0053_00000004.jpg,parsed,observed,"Recording identity, modality, grouping, and frame structure are ZIP path/name observations only; no flight or synchronization claim is made."
210812_Hannegan_Enterprise_VIS_0055,210812_Hannegan_Enterprise_VIS_0055,210812_Hannegan_Enterprise,VIS,210812,Hannegan,Enterprise,0055,422,1,.jpg,.txt,0,439,422,18,335;347;348;349;358;360;361;378;383;387;394;396;403;408;417;422;424;426,DJI_0055_00000000.jpg;DJI_0055_00000001.jpg;DJI_0055_00000002.jpg;DJI_0055_00000003.jpg;DJI_0055_00000004.jpg,parsed,observed,"Recording identity, modality, grouping, and frame structure are ZIP path/name observations only; no flight or synchronization claim is made."
210924_FHL_Enterprise_IR_0127,210924_FHL_Enterprise_IR_0127,210924_FHL_Enterprise,IR,210924,FHL,Enterprise,0127,1008,1,.jpg,.txt,0,1007,1008,0,,DJI_0127_00000000.jpg;DJI_0127_00000001.jpg;DJI_0127_00000002.jpg;DJI_0127_00000003.jpg;DJI_0127_00000004.jpg,parsed,observed,"Recording identity, modality, grouping, and frame structure are ZIP path/name observations only; no flight or synchronization claim is made."
210924_FHL_Enterprise_IR_0135,210924_FHL_Enterprise_IR_0135,210924_FHL_Enterprise,IR,210924,FHL,Enterprise,0135,273,274,.jpg,.txt,0,272,273,0,,DJI_0135_00000000.jpg;DJI_0135_00000001.jpg;DJI_0135_00000002.jpg;DJI_0135_00000003.jpg;DJI_0135_00000004.jpg,parsed,observed,"Recording identity, modality, grouping, and frame structure are ZIP path/name observations only; no flight or synchronization claim is made."
210924_FHL_Enterprise_IR_0402,210924_FHL_Enterprise_IR_0402,210924_FHL_Enterprise,IR,210924,FHL,Enterprise,0402,896,897,.jpg,.txt,0,895,896,0,,DJI_0402.mp4_00000.jpg;DJI_0402.mp4_00001.jpg;DJI_0402.mp4_00002.jpg;DJI_0402.mp4_00003.jpg;DJI_0402.mp4_00004.jpg,parsed,observed,"Recording identity, modality, grouping, and frame structure are ZIP path/name observations only; no flight or synchronization claim is made."
210924_FHL_Enterprise_IR_0404,210924_FHL_Enterprise_IR_0404,210924_FHL_Enterprise,IR,210924,FHL,Enterprise,0404,1417,1418,.jpg,.txt,0,1416,1417,0,,DJI_0404.mp4_00000.jpg;DJI_0404.mp4_00001.jpg;DJI_0404.mp4_00002.jpg;DJI_0404.mp4_00003.jpg;DJI_0404.mp4_00004.jpg,parsed,observed,"Recording identity, modality, grouping, and frame structure are ZIP path/name observations only; no flight or synchronization claim is made."
210924_FHL_Enterprise_IR_0406,210924_FHL_Enterprise_IR_0406,210924_FHL_Enterprise,IR,210924,FHL,Enterprise,0406,943,943,.jpg,.txt,0,942,943,0,,210924_FHL_Enterprise_IR_0406.mp4_00000.jpg;210924_FHL_Enterprise_IR_0406.mp4_00001.jpg;210924_FHL_Enterprise_IR_0406.mp4_00002.jpg;210924_FHL_Enterprise_IR_0406.mp4_00003.jpg;210924_FHL_Enterprise_IR_0406.mp4_00004.jpg,parsed,observed,"Recording identity, modality, grouping, and frame structure are ZIP path/name observations only; no flight or synchronization claim is made."
210924_FHL_Enterprise_IR_0408,210924_FHL_Enterprise_IR_0408,210924_FHL_Enterprise,IR,210924,FHL,Enterprise,0408,1035,1,.jpg,.txt,0,1034,1035,0,,DJI_0408.mp4_00000.jpg;DJI_0408.mp4_00001.jpg;DJI_0408.mp4_00002.jpg;DJI_0408.mp4_00003.jpg;DJI_0408.mp4_00004.jpg,parsed,observed,"Recording identity, modality, grouping, and frame structure are ZIP path/name observations only; no flight or synchronization claim is made."
210924_FHL_Enterprise_IR_0410,210924_FHL_Enterprise_IR_0410,210924_FHL_Enterprise,IR,210924,FHL,Enterprise,0410,1299,1,.jpg,.txt,0,1298,1299,0,,DJI_0410.mp4_00000.jpg;DJI_0410.mp4_00001.jpg;DJI_0410.mp4_00002.jpg;DJI_0410.mp4_00003.jpg;DJI_0410.mp4_00004.jpg,parsed,observed,"Recording identity, modality, grouping, and frame structure are ZIP path/name observations only; no flight or synchronization claim is made."
210924_FHL_Enterprise_IR_0565,210924_FHL_Enterprise_IR_0565,210924_FHL_Enterprise,IR,210924,FHL,Enterprise,0565,982,982,.jpg,.txt,0,981,982,0,,210924_FHL_Enterprise_IR_0565.mp4_00000.jpg;210924_FHL_Enterprise_IR_0565.mp4_00001.jpg;210924_FHL_Enterprise_IR_0565.mp4_00002.jpg;210924_FHL_Enterprise_IR_0565.mp4_00003.jpg;210924_FHL_Enterprise_IR_0565.mp4_00004.jpg,parsed,observed,"Recording identity, modality, grouping, and frame structure are ZIP path/name observations only; no flight or synchronization claim is made."
210924_FHL_Enterprise_IR_0567,210924_FHL_Enterprise_IR_0567,210924_FHL_Enterprise,IR,210924,FHL,Enterprise,0567,909,910,.jpeg,.txt,0,911,909,3,700;855;861,DJI_0567_00000000.jpeg;DJI_0567_00000001.jpeg;DJI_0567_00000002.jpeg;DJI_0567_00000003.jpeg;DJI_0567_00000004.jpeg,parsed,observed,"Recording identity, modality, grouping, and frame structure are ZIP path/name observations only; no flight or synchronization claim is made."
210924_FHL_Enterprise_VIS_0126,210924_FHL_Enterprise_VIS_0126,210924_FHL_Enterprise,VIS,210924,FHL,Enterprise,0126,1006,1005,.jpg,.txt,0,1005,1006,0,,DJI_0126_00000000.jpg;DJI_0126_00000001.jpg;DJI_0126_00000002.jpg;DJI_0126_00000003.jpg;DJI_0126_00000004.jpg,parsed,observed,"Recording identity, modality, grouping, and frame structure are ZIP path/name observations only; no flight or synchronization claim is made."
210924_FHL_Enterprise_VIS_0134,210924_FHL_Enterprise_VIS_0134,210924_FHL_Enterprise,VIS,210924,FHL,Enterprise,0134,273,273,.jpg,.txt,0,272,273,0,,210924_FHL_Enterprise_VIS_0134.mp4_00000.jpg;210924_FHL_Enterprise_VIS_0134.mp4_00001.jpg;210924_FHL_Enterprise_VIS_0134.mp4_00002.jpg;210924_FHL_Enterprise_VIS_0134.mp4_00003.jpg;210924_FHL_Enterprise_VIS_0134.mp4_00004.jpg,parsed,observed,"Recording identity, modality, grouping, and frame structure are ZIP path/name observations only; no flight or synchronization claim is made."
210924_FHL_Enterprise_VIS_0401,210924_FHL_Enterprise_VIS_0401,210924_FHL_Enterprise,VIS,210924,FHL,Enterprise,0401,897,897,.jpg,.txt,0,896,897,0,,210924_FHL_Enterprise_VIS_0401.mp4_00000.jpg;210924_FHL_Enterprise_VIS_0401.mp4_00001.jpg;210924_FHL_Enterprise_VIS_0401.mp4_00002.jpg;210924_FHL_Enterprise_VIS_0401.mp4_00003.jpg;210924_FHL_Enterprise_VIS_0401.mp4_00004.jpg,parsed,observed,"Recording identity, modality, grouping, and frame structure are ZIP path/name observations only; no flight or synchronization claim is made."
210924_FHL_Enterprise_VIS_0403,210924_FHL_Enterprise_VIS_0403,210924_FHL_Enterprise,VIS,210924,FHL,Enterprise,0403,1417,1,.jpg,.txt,0,1416,1417,0,,DJI_0403.mp4_00000.jpg;DJI_0403.mp4_00001.jpg;DJI_0403.mp4_00002.jpg;DJI_0403.mp4_00003.jpg;DJI_0403.mp4_00004.jpg,parsed,observed,"Recording identity, modality, grouping, and frame structure are ZIP path/name observations only; no flight or synchronization claim is made."
210924_FHL_Enterprise_VIS_0405,210924_FHL_Enterprise_VIS_0405,210924_FHL_Enterprise,VIS,210924,FHL,Enterprise,0405,945,946,.jpg,.txt,0,944,945,0,,DJI_0405.mp4_00000.jpg;DJI_0405.mp4_00001.jpg;DJI_0405.mp4_00002.jpg;DJI_0405.mp4_00003.jpg;DJI_0405.mp4_00004.jpg,parsed,observed,"Recording identity, modality, grouping, and frame structure are ZIP path/name observations only; no flight or synchronization claim is made."
210924_FHL_Enterprise_VIS_0407,210924_FHL_Enterprise_VIS_0407,210924_FHL_Enterprise,VIS,210924,FHL,Enterprise,0407,1035,1036,.jpg,.txt,0,1034,1035,0,,DJI_0407.mp4_00000.jpg;DJI_0407.mp4_00001.jpg;DJI_0407.mp4_00002.jpg;DJI_0407.mp4_00003.jpg;DJI_0407.mp4_00004.jpg,parsed,observed,"Recording identity, modality, grouping, and frame structure are ZIP path/name observations only; no flight or synchronization claim is made."
210924_FHL_Enterprise_VIS_0409,210924_FHL_Enterprise_VIS_0409,210924_FHL_Enterprise,VIS,210924,FHL,Enterprise,0409,1300,1,.jpg,.txt,0,1299,1300,0,,DJI_0409.mp4_00000.jpg;DJI_0409.mp4_00001.jpg;DJI_0409.mp4_00002.jpg;DJI_0409.mp4_00003.jpg;DJI_0409.mp4_00004.jpg,parsed,observed,"Recording identity, modality, grouping, and frame structure are ZIP path/name observations only; no flight or synchronization claim is made."
210924_FHL_Enterprise_VIS_0564,210924_FHL_Enterprise_VIS_0564,210924_FHL_Enterprise,VIS,210924,FHL,Enterprise,0564,983,1,.jpg,.txt,0,982,983,0,,DJI_0564.mp4_00000.jpg;DJI_0564.mp4_00001.jpg;DJI_0564.mp4_00002.jpg;DJI_0564.mp4_00003.jpg;DJI_0564.mp4_00004.jpg,parsed,observed,"Recording identity, modality, grouping, and frame structure are ZIP path/name observations only; no flight or synchronization claim is made."
210924_FHL_Enterprise_VIS_0566,210924_FHL_Enterprise_VIS_0566,210924_FHL_Enterprise,VIS,210924,FHL,Enterprise,0566,909,1,.jpg,.txt,0,909,909,1,861,DJI_0566_00000000.jpg;DJI_0566_00000001.jpg;DJI_0566_00000002.jpg;DJI_0566_00000003.jpg;DJI_0566_00000004.jpg,parsed,observed,"Recording identity, modality, grouping, and frame structure are ZIP path/name observations only; no flight or synchronization claim is made."
220109_Baker_Enterprise_IR_1,220109_Baker_Enterprise_IR_1,220109_Baker_Enterprise,IR,220109,Baker,Enterprise,1,2180,2181,.jpg,.txt,0,2179,2180,0,,DJI_0583 (1-10-2022 2-51-48 PM).mp4_00000.jpg;DJI_0583 (1-10-2022 2-51-48 PM).mp4_00001.jpg;DJI_0583 (1-10-2022 2-51-48 PM).mp4_00002.jpg;DJI_0583 (1-10-2022 2-51-48 PM).mp4_00003.jpg;DJI_0583 (1-10-2022 2-51-48 PM).mp4_00004.jpg,parsed,observed,"Recording identity, modality, grouping, and frame structure are ZIP path/name observations only; no flight or synchronization claim is made."
220109_Baker_Enterprise_IR_2,220109_Baker_Enterprise_IR_2,220109_Baker_Enterprise,IR,220109,Baker,Enterprise,2,609,610,.jpg,.txt,0,608,609,0,,DJI_0585 (1-10-2022 2-52-01 PM).mp4_00000.jpg;DJI_0585 (1-10-2022 2-52-01 PM).mp4_00001.jpg;DJI_0585 (1-10-2022 2-52-01 PM).mp4_00002.jpg;DJI_0585 (1-10-2022 2-52-01 PM).mp4_00003.jpg;DJI_0585 (1-10-2022 2-52-01 PM).mp4_00004.jpg,parsed,observed,"Recording identity, modality, grouping, and frame structure are ZIP path/name observations only; no flight or synchronization claim is made."
220109_Baker_Enterprise_VIS_1,220109_Baker_Enterprise_VIS_1,220109_Baker_Enterprise,VIS,220109,Baker,Enterprise,1,2180,2181,.jpg,.txt,0,2179,2180,0,,DJI_0582 (1-10-2022 2-51-42 PM).mp4_00000.jpg;DJI_0582 (1-10-2022 2-51-42 PM).mp4_00001.jpg;DJI_0582 (1-10-2022 2-51-42 PM).mp4_00002.jpg;DJI_0582 (1-10-2022 2-51-42 PM).mp4_00003.jpg;DJI_0582 (1-10-2022 2-51-42 PM).mp4_00004.jpg,parsed,observed,"Recording identity, modality, grouping, and frame structure are ZIP path/name observations only; no flight or synchronization claim is made."
