split,frame_id,image_path,annotation_path,object_count
train,0,D:\Hackathons\miniproject5sem\WiSARD_Multi_Modal_Sample\210417_MtErie_Enterprise_VIS_0003\210417_MtErie_Enterprise_VIS_0003_00000000.jpeg,D:\Hackathons\miniproject5sem\WiSARD_Multi_Modal_Sample\210417_MtErie_Enterprise_VIS_0003\210417_MtErie_Enterprise_VIS_0003_00000000.txt,4
train,1,D:\Hackathons\miniproject5sem\WiSARD_Multi_Modal_Sample\210417_MtErie_Enterprise_VIS_0003\210417_MtErie_Enterprise_VIS_0003_00000001.jpeg,D:\Hackathons\miniproject5sem\WiSARD_Multi_Modal_Sample\210417_MtErie_Enterprise_VIS_0003\210417_MtErie_Enterprise_VIS_0003_00000001.txt,4
train,2,D:\Hackathons\miniproject5sem\WiSARD_Multi_Modal_Sample\210417_MtErie_Enterprise_VIS_0003\210417_MtErie_Enterprise_VIS_0003_00000002.jpeg,D:\Hackathons\miniproject5sem\WiSARD_Multi_Modal_Sample\210417_MtErie_Enterprise_VIS_0003\210417_MtErie_Enterprise_VIS_0003_00000002.txt,4
train,3,D:\Hackathons\miniproject5sem\WiSARD_Multi_Modal_Sample\210417_MtErie_Enterprise_VIS_0003\210417_MtErie_Enterprise_VIS_0003_00000003.jpeg,D:\Hackathons\miniproject5sem\WiSARD_Multi_Modal_Sample\210417_MtErie_Enterprise_VIS_0003\210417_MtErie_Enterprise_VIS_0003_00000003.txt,4
train,4,D:\Hackathons\miniproject5sem\WiSARD_Multi_Modal_Sample\210417_MtErie_Enterprise_VIS_0003\210417_MtErie_Enterprise_VIS_0003_00000004.jpeg,D:\Hackathons\miniproject5sem\WiSARD_Multi_Modal_Sample\210417_MtErie_Enterprise_VIS_0003\210417_MtErie_Enterprise_VIS_0003_00000004.txt,4
train,5,D:\Hackathons\miniproject5sem\WiSARD_Multi_Modal_Sample\210417_MtErie_Enterprise_VIS_0003\210417_MtErie_Enterprise_VIS_0003_00000005.jpeg,D:\Hackathons\miniproject5sem\WiSARD_Multi_Modal_Sample\210417_MtErie_Enterprise_VIS_0003\210417_MtErie_Enterprise_VIS_0003_00000005.txt,4
train,6,D:\Hackathons\miniproject5sem\WiSARD_Multi_Modal_Sample\210417_MtErie_Enterprise_VIS_0003\210417_MtErie_Enterprise_VIS_0003_00000006.jpeg,D:\Hackathons\miniproject5sem\WiSARD_Multi_Modal_Sample\210417_MtErie_Enterprise_VIS_0003\210417_MtErie_Enterprise_VIS_0003_00000006.txt,4
train,7,D:\Hackathons\miniproject5sem\WiSARD_Multi_Modal_Sample\210417_MtErie_Enterprise_VIS_0003\210417_MtErie_Enterprise_VIS_0003_00000007.jpeg,D:\Hackathons\miniproject5sem\WiSARD_Multi_Modal_Sample\210417_MtErie_Enterprise_VIS_0003\210417_MtErie_Enterprise_VIS_0003_00000007.txt,4
train,8,D:\Hackathons\miniproject5sem\WiSARD_Multi_Modal_Sample\210417_MtErie_Enterprise_VIS_0003\210417_MtErie_Enterprise_VIS_0003_00000008.jpeg,D:\Hackathons\miniproject5sem\WiSARD_Multi_Modal_Sample\210417_MtErie_Enterprise_VIS_0003\210417_MtErie_Enterprise_VIS_0003_00000008.txt,4
train,9,D:\Hackathons\miniproject5sem\WiSARD_Multi_Modal_Sample\210417_MtErie_Enterprise_VIS_0003\210417_MtErie_Enterprise_VIS_0003_00000009.jpeg,D:\Hackathons\miniproject5sem\WiSARD_Multi_Modal_Sample\210417_MtErie_Enterprise_VIS_0003\210417_MtErie_Enterprise_VIS_0003_00000009.txt,4
train,10,D:\Hackathons\miniproject5sem\WiSARD_Multi_Modal_Sample\210417_MtErie_Enterprise_VIS_0003\210417_MtErie_Enterprise_VIS_0003_00000010.jpeg,D:\Hackathons\miniproject5sem\WiSARD_Multi_Modal_Sample\210417_MtErie_Enterprise_VIS_0003\210417_MtErie_Enterprise_VIS_0003_00000010.txt,4
train,11,D:\Hackathons\miniproject5sem\WiSARD_Multi_Modal_Sample\210417_MtErie_Enterprise_VIS_0003\210417_MtErie_Enterprise_VIS_0003_00000011.jpeg,D:\Hackathons\miniproject5sem\WiSARD_Multi_Modal_Sample\210417_MtErie_Enterprise_VIS_0003\210417_MtErie_Enterprise_VIS_0003_00000011.txt,4
train,12,D:\Hackathons\miniproject5sem\WiSARD_Multi_Modal_Sample\210417_MtErie_Enterprise_VIS_0003\210417_MtErie_Enterprise_VIS_0003_00000012.jpeg,D:\Hackathons\miniproject5sem\WiSARD_Multi_Modal_Sample\210417_MtErie_Enterprise_VIS_0003\210417_MtErie_Enterprise_VIS_0003_00000012.txt,4
train,13,D:\Hackathons\miniproject5sem\WiSARD_Multi_Modal_Sample\210417_MtErie_Enterprise_VIS_0003\210417_MtErie_Enterprise_VIS_0003_00000013.jpeg,D:\Hackathons\miniproject5sem\WiSARD_Multi_Modal_Sample\210417_MtErie_Enterprise_VIS_0003\210417_MtErie_Enterprise_VIS_0003_00000013.txt,4
train,14,D:\Hackathons\miniproject5sem\WiSARD_Multi_Modal_Sample\210417_MtErie_Enterprise_VIS_0003\210417_MtErie_Enterprise_VIS_0003_00000014.jpeg,D:\Hackathons\miniproject5sem\WiSARD_Multi_Modal_Sample\210417_MtErie_Enterprise_VIS_0003\210417_MtErie_Enterprise_VIS_0003_00000014.txt,4
train,15,D:\Hackathons\miniproject5sem\WiSARD_Multi_Modal_Sample\210417_MtErie_Enterprise_VIS_0003\210417_MtErie_Enterprise_VIS_0003_00000015.jpeg,D:\Hackathons\miniproject5sem\WiSARD_Multi_Modal_Sample\210417_MtErie_Enterprise_VIS_0003\210417_MtErie_Enterprise_VIS_0003_00000015.txt,4
train,16,D:\Hackathons\miniproject5sem\WiSARD_Multi_Modal_Sample\210417_MtErie_Enterprise_VIS_0003\210417_MtErie_Enterprise_VIS_0003_00000016.jpeg,D:\Hackathons\miniproject5sem\WiSARD_Multi_Modal_Sample\210417_MtErie_Enterprise_VIS_0003\210417_MtErie_Enterprise_VIS_0003_00000016.txt,4
train,17,D:\Hackathons\miniproject5sem\WiSARD_Multi_Modal_Sample\210417_MtErie_Enterprise_VIS_0003\210417_MtErie_Enterprise_VIS_0003_00000017.jpeg,D:\Hackathons\miniproject5sem\WiSARD_Multi_Modal_Sample\210417_MtErie_Enterprise_VIS_0003\210417_MtErie_Enterprise_VIS_0003_00000017.txt,4
train,18,D:\Hackathons\miniproject5sem\WiSARD_Multi_Modal_Sample\210417_MtErie_Enterprise_VIS_0003\210417_MtErie_Enterprise_VIS_0003_00000018.jpeg,D:\Hackathons\miniproject5sem\WiSARD_Multi_Modal_Sample\210417_MtErie_Enterprise_VIS_0003\210417_MtErie_Enterprise_VIS_0003_00000018.txt,4
train,19,D:\Hackathons\miniproject5sem\WiSARD_Multi_Modal_Sample\210417_MtErie_Enterprise_VIS_0003\210417_MtErie_Enterprise_VIS_0003_00000019.jpeg,D:\Hackathons\miniproject5sem\WiSARD_Multi_Modal_Sample\210417_MtErie_Enterprise_VIS_0003\210417_MtErie_Enterprise_VIS_0003_00000019.txt,4
train,20,D:\Hackathons\miniproject5sem\WiSARD_Multi_Modal_Sample\210417_MtErie_Enterprise_VIS_0003\210417_MtErie_Enterprise_VIS_0003_00000020.jpeg,D:\Hackathons\miniproject5sem\WiSARD_Multi_Modal_Sample\210417_MtErie_Enterprise_VIS_0003\210417_MtErie_Enterprise_VIS_0003_00000020.txt,4
train,21,D:\Hackathons\miniproject5sem\WiSARD_Multi_Modal_Sample\210417_MtErie_Enterprise_VIS_0003\210417_MtErie_Enterprise_VIS_0003_00000021.jpeg,D:\Hackathons\miniproject5sem\WiSARD_Multi_Modal_Sample\210417_MtErie_Enterprise_VIS_0003\210417_MtErie_Enterprise_VIS_0003_00000021.txt,4
train,22,D:\Hackathons\miniproject5sem\WiSARD_Multi_Modal_Sample\210417_MtErie_Enterprise_VIS_0003\210417_MtErie_Enterprise_VIS_0003_00000022.jpeg,D:\Hackathons\miniproject5sem\WiSARD_Multi_Modal_Sample\210417_MtErie_Enterprise_VIS_0003\210417_MtErie_Enterprise_VIS_0003_00000022.txt,4
train,23,D:\Hackathons\miniproject5sem\WiSARD_Multi_Modal_Sample\210417_MtErie_Enterprise_VIS_0003\210417_MtErie_Enterprise_VIS_0003_00000023.jpeg,D:\Hackathons\miniproject5sem\WiSARD_Multi_Modal_Sample\210417_MtErie_Enterprise_VIS_0003\210417_MtErie_Enterprise_VIS_0003_00000023.txt,4
train,24,D:\Hackathons\miniproject5sem\WiSARD_Multi_Modal_Sample\210417_MtErie_Enterprise_VIS_0003\210417_MtErie_Enterprise_VIS_0003_00000024.jpeg,D:\Hackathons\miniproject5sem\WiSARD_Multi_Modal_Sample\210417_MtErie_Enterprise_VIS_0003\210417_MtErie_Enterprise_VIS_0003_00000024.txt,4
train,25,D:\Hackathons\miniproject5sem\WiSARD_Multi_Modal_Sample\210417_MtErie_Enterprise_VIS_0003\210417_MtErie_Enterprise_VIS_0003_00000025.jpeg,D:\Hackathons\miniproject5sem\WiSARD_Multi_Modal_Sample\210417_MtErie_Enterprise_VIS_0003\210417_MtErie_Enterprise_VIS_0003_00000025.txt,4
train,26,D:\Hackathons\miniproject5sem\WiSARD_Multi_Modal_Sample\210417_MtErie_Enterprise_VIS_0003\210417_MtErie_Enterprise_VIS_0003_00000026.jpeg,D:\Hackathons\miniproject5sem\WiSARD_Multi_Modal_Sample\210417_MtErie_Enterprise_VIS_0003\210417_MtErie_Enterprise_VIS_0003_00000026.txt,4
train,27,D:\Hackathons\miniproject5sem\WiSARD_Multi_Modal_Sample\210417_MtErie_Enterprise_VIS_0003\210417_MtErie_Enterprise_VIS_0003_00000027.jpeg,D:\Hackathons\miniproject5sem\WiSARD_Multi_Modal_Sample\210417_MtErie_Enterprise_VIS_0003\210417_MtErie_Enterprise_VIS_0003_00000027.txt,4
train,28,D:\Hackathons\miniproject5sem\WiSARD_Multi_Modal_Sample\210417_MtErie_Enterprise_VIS_0003\210417_MtErie_Enterprise_VIS_0003_00000028.jpeg,D:\Hackathons\miniproject5sem\WiSARD_Multi_Modal_Sample\210417_MtErie_Enterprise_VIS_0003\210417_MtErie_Enterprise_VIS_0003_00000028.txt,4
train,29,D:\Hackathons\miniproject5sem\WiSARD_Multi_Modal_Sample\210417_MtErie_Enterprise_VIS_0003\210417_MtErie_Enterprise_VIS_0003_00000029.jpeg,D:\Hackathons\miniproject5sem\WiSARD_Multi_Modal_Sample\210417_MtErie_Enterprise_VIS_0003\210417_MtErie_Enterprise_VIS_0003_00000029.txt,4
train,30,D:\Hackathons\miniproject5sem\WiSARD_Multi_Modal_Sample\210417_MtErie_Enterprise_VIS_0003\210417_MtErie_Enterprise_VIS_0003_00000030.jpeg,D:\Hackathons\miniproject5sem\WiSARD_Multi_Modal_Sample\210417_MtErie_Enterprise_VIS_0003\210417_MtErie_Enterprise_VIS_0003_00000030.txt,4
train,31,D:\Hackathons\miniproject5sem\WiSARD_Multi_Modal_Sample\210417_MtErie_Enterprise_VIS_0003\210417_MtErie_Enterprise_VIS_0003_00000031.jpeg,D:\Hackathons\miniproject5sem\WiSARD_Multi_Modal_Sample\210417_MtErie_Enterprise_VIS_0003\210417_MtErie_Enterprise_VIS_0003_00000031.txt,4
train,32,D:\Hackathons\miniproject5sem\WiSARD_Multi_Modal_Sample\210417_MtErie_Enterprise_VIS_0003\210417_MtErie_Enterprise_VIS_0003_00000032.jpeg,D:\Hackathons\miniproject5sem\WiSARD_Multi_Modal_Sample\210417_MtErie_Enterprise_VIS_0003\210417_MtErie_Enterprise_VIS_0003_00000032.txt,4
train,33,D:\Hackathons\miniproject5sem\WiSARD_Multi_Modal_Sample\210417_MtErie_Enterprise_VIS_0003\210417_MtErie_Enterprise_VIS_0003_00000033.jpeg,D:\Hackathons\miniproject5sem\WiSARD_Multi_Modal_Sample\210417_MtErie_Enterprise_VIS_0003\210417_MtErie_Enterprise_VIS_0003_00000033.txt,4
train,34,D:\Hackathons\miniproject5sem\WiSARD_Multi_Modal_Sample\210417_MtErie_Enterprise_VIS_0003\210417_MtErie_Enterprise_VIS_0003_00000034.jpeg,D:\Hackathons\miniproject5sem\WiSARD_Multi_Modal_Sample\210417_MtErie_Enterprise_VIS_0003\210417_MtErie_Enterprise_VIS_0003_00000034.txt,4
train,35,D:\Hackathons\miniproject5sem\WiSARD_Multi_Modal_Sample\210417_MtErie_Enterprise_VIS_0003\210417_MtErie_Enterprise_VIS_0003_00000035.jpeg,D:\Hackathons\miniproject5sem\WiSARD_Multi_Modal_Sample\210417_MtErie_Enterprise_VIS_0003\210417_MtErie_Enterprise_VIS_0003_00000035.txt,4
train,36,D:\Hackathons\miniproject5sem\WiSARD_Multi_Modal_Sample\210417_MtErie_Enterprise_VIS_0003\210417_MtErie_Enterprise_VIS_0003_00000036.jpeg,D:\Hackathons\miniproject5sem\WiSARD_Multi_Modal_Sample\210417_MtErie_Enterprise_VIS_0003\210417_MtErie_Enterprise_VIS_0003_00000036.txt,4
train,37,D:\Hackathons\miniproject5sem\WiSARD_Multi_Modal_Sample\210417_MtErie_Enterprise_VIS_0003\210417_MtErie_Enterprise_VIS_0003_00000037.jpeg,D:\Hackathons\miniproject5sem\WiSARD_Multi_Modal_Sample\210417_MtErie_Enterprise_VIS_0003\210417_MtErie_Enterprise_VIS_0003_00000037.txt,4
train,38,D:\Hackathons\miniproject5sem\WiSARD_Multi_Modal_Sample\210417_MtErie_Enterprise_VIS_0003\210417_MtErie_Enterprise_VIS_0003_00000038.jpeg,D:\Hackathons\miniproject5sem\WiSARD_Multi_Modal_Sample\210417_MtErie_Enterprise_VIS_0003\210417_MtErie_Enterprise_VIS_0003_00000038.txt,4
train,39,D:\Hackathons\miniproject5sem\WiSARD_Multi_Modal_Sample\210417_MtErie_Enterprise_VIS_0003\210417_MtErie_Enterprise_VIS_0003_00000039.jpeg,D:\Hackathons\miniproject5sem\WiSARD_Multi_Modal_Sample\210417_MtErie_Enterprise_VIS_0003\210417_MtErie_Enterprise_VIS_0003_00000039.txt,4
train,40,D:\Hackathons\miniproject5sem\WiSARD_Multi_Modal_Sample\210417_MtErie_Enterprise_VIS_0003\210417_MtErie_Enterprise_VIS_0003_00000040.jpeg,D:\Hackathons\miniproject5sem\WiSARD_Multi_Modal_Sample\210417_MtErie_Enterprise_VIS_0003\210417_MtErie_Enterprise_VIS_0003_00000040.txt,4
train,41,D:\Hackathons\miniproject5sem\WiSARD_Multi_Modal_Sample\210417_MtErie_Enterprise_VIS_0003\210417_MtErie_Enterprise_VIS_0003_00000041.jpeg,D:\Hackathons\miniproject5sem\WiSARD_Multi_Modal_Sample\210417_MtErie_Enterprise_VIS_0003\210417_MtErie_Enterprise_VIS_0003_00000041.txt,4
train,42,D:\Hackathons\miniproject5sem\WiSARD_Multi_Modal_Sample\210417_MtErie_Enterprise_VIS_0003\210417_MtErie_Enterprise_VIS_0003_00000042.jpeg,D:\Hackathons\miniproject5sem\WiSARD_Multi_Modal_Sample\210417_MtErie_Enterprise_VIS_0003\210417_MtErie_Enterprise_VIS_0003_00000042.txt,4
train,43,D:\Hackathons\miniproject5sem\WiSARD_Multi_Modal_Sample\210417_MtErie_Enterprise_VIS_0003\210417_MtErie_Enterprise_VIS_0003_00000043.jpeg,D:\Hackathons\miniproject5sem\WiSARD_Multi_Modal_Sample\210417_MtErie_Enterprise_VIS_0003\210417_MtErie_Enterprise_VIS_0003_00000043.txt,4
train,44,D:\Hackathons\miniproject5sem\WiSARD_Multi_Modal_Sample\210417_MtErie_Enterprise_VIS_0003\210417_MtErie_Enterprise_VIS_0003_00000044.jpeg,D:\Hackathons\miniproject5sem\WiSARD_Multi_Modal_Sample\210417_MtErie_Enterprise_VIS_0003\210417_MtErie_Enterprise_VIS_0003_00000044.txt,4
train,45,D:\Hackathons\miniproject5sem\WiSARD_Multi_Modal_Sample\210417_MtErie_Enterprise_VIS_0003\210417_MtErie_Enterprise_VIS_0003_00000045.jpeg,D:\Hackathons\miniproject5sem\WiSARD_Multi_Modal_Sample\210417_MtErie_Enterprise_VIS_0003\210417_MtErie_Enterprise_VIS_0003_00000045.txt,4
train,46,D:\Hackathons\miniproject5sem\WiSARD_Multi_Modal_Sample\210417_MtErie_Enterprise_VIS_0003\210417_MtErie_Enterprise_VIS_0003_00000046.jpeg,D:\Hackathons\miniproject5sem\WiSARD_Multi_Modal_Sample\210417_MtErie_Enterprise_VIS_0003\210417_MtErie_Enterprise_VIS_0003_00000046.txt,4
train,47,D:\Hackathons\miniproject5sem\WiSARD_Multi_Modal_Sample\210417_MtErie_Enterprise_VIS_0003\210417_MtErie_Enterprise_VIS_0003_00000047.jpeg,D:\Hackathons\miniproject5sem\WiSARD_Multi_Modal_Sample\210417_MtErie_Enterprise_VIS_0003\210417_MtErie_Enterprise_VIS_0003_00000047.txt,4
train,48,D:\Hackathons\miniproject5sem\WiSARD_Multi_Modal_Sample\210417_MtErie_Enterprise_VIS_0003\210417_MtErie_Enterprise_VIS_0003_00000048.jpeg,D:\Hackathons\miniproject5sem\WiSARD_Multi_Modal_Sample\210417_MtErie_Enterprise_VIS_0003\210417_MtErie_Enterprise_VIS_0003_00000048.txt,4
train,49,D:\Hackathons\miniproject5sem\WiSARD_Multi_Modal_Sample\210417_MtErie_Enterprise_VIS_0003\210417_MtErie_Enterprise_VIS_0003_00000049.jpeg,D:\Hackathons\miniproject5sem\WiSARD_Multi_Modal_Sample\210417_MtErie_Enterprise_VIS_0003\210417_MtErie_Enterprise_VIS_0003_00000049.txt,4
train,50,D:\Hackathons\miniproject5sem\WiSARD_Multi_Modal_Sample\210417_MtErie_Enterprise_VIS_0003\210417_MtErie_Enterprise_VIS_0003_00000050.jpeg,D:\Hackathons\miniproject5sem\WiSARD_Multi_Modal_Sample\210417_MtErie_Enterprise_VIS_0003\210417_MtErie_Enterprise_VIS_0003_00000050.txt,3
train,51,D:\Hackathons\miniproject5sem\WiSARD_Multi_Modal_Sample\210417_MtErie_Enterprise_VIS_0003\210417_MtErie_Enterprise_VIS_0003_00000051.jpeg,D:\Hackathons\miniproject5sem\WiSARD_Multi_Modal_Sample\210417_MtErie_Enterprise_VIS_0003\210417_MtErie_Enterprise_VIS_0003_00000051.txt,1
train,52,D:\Hackathons\miniproject5sem\WiSARD_Multi_Modal_Sample\210417_MtErie_Enterprise_VIS_0003\210417_MtErie_Enterprise_VIS_0003_00000052.jpeg,D:\Hackathons\miniproject5sem\WiSARD_Multi_Modal_Sample\210417_MtErie_Enterprise_VIS_0003\210417_MtErie_Enterprise_VIS_0003_00000052.txt,1
train,53,D:\Hackathons\miniproject5sem\WiSARD_Multi_Modal_Sample\210417_MtErie_Enterprise_VIS_0003\210417_MtErie_Enterprise_VIS_0003_00000053.jpeg,D:\Hackathons\miniproject5sem\WiSARD_Multi_Modal_Sample\210417_MtErie_Enterprise_VIS_0003\210417_MtErie_Enterprise_VIS_0003_00000053.txt,1
train,54,D:\Hackathons\miniproject5sem\WiSARD_Multi_Modal_Sample\210417_MtErie_Enterprise_VIS_0003\210417_MtErie_Enterprise_VIS_0003_00000054.jpeg,D:\Hackathons\miniproject5sem\WiSARD_Multi_Modal_Sample\210417_MtErie_Enterprise_VIS_0003\210417_MtErie_Enterprise_VIS_0003_00000054.txt,4
train,55,D:\Hackathons\miniproject5sem\WiSARD_Multi_Modal_Sample\210417_MtErie_Enterprise_VIS_0003\210417_MtErie_Enterprise_VIS_0003_00000055.jpeg,D:\Hackathons\miniproject5sem\WiSARD_Multi_Modal_Sample\210417_MtErie_Enterprise_VIS_0003\210417_MtErie_Enterprise_VIS_0003_00000055.txt,4
train,56,D:\Hackathons\miniproject5sem\WiSARD_Multi_Modal_Sample\210417_MtErie_Enterprise_VIS_0003\210417_MtErie_Enterprise_VIS_0003_00000056.jpeg,D:\Hackathons\miniproject5sem\WiSARD_Multi_Modal_Sample\210417_MtErie_Enterprise_VIS_0003\210417_MtErie_Enterprise_VIS_0003_00000056.txt,4
train,57,D:\Hackathons\miniproject5sem\WiSARD_Multi_Modal_Sample\210417_MtErie_Enterprise_VIS_0003\210417_MtErie_Enterprise_VIS_0003_00000057.jpeg,D:\Hackathons\miniproject5sem\WiSARD_Multi_Modal_Sample\210417_MtErie_Enterprise_VIS_0003\210417_MtErie_Enterprise_VIS_0003_00000057.txt,4
train,58,D:\Hackathons\miniproject5sem\WiSARD_Multi_Modal_Sample\210417_MtErie_Enterprise_VIS_0003\210417_MtErie_Enterprise_VIS_0003_00000058.jpeg,D:\Hackathons\miniproject5sem\WiSARD_Multi_Modal_Sample\210417_MtErie_Enterprise_VIS_0003\210417_MtErie_Enterprise_VIS_0003_00000058.txt,4
train,59,D:\Hackathons\miniproject5sem\WiSARD_Multi_Modal_Sample\210417_MtErie_Enterprise_VIS_0003\210417_MtErie_Enterprise_VIS_0003_00000059.jpeg,D:\Hackathons\miniproject5sem\WiSARD_Multi_Modal_Sample\210417_MtErie_Enterprise_VIS_0003\210417_MtErie_Enterprise_VIS_0003_00000059.txt,4
train,60,D:\Hackathons\miniproject5sem\WiSARD_Multi_Modal_Sample\210417_MtErie_Enterprise_VIS_0003\210417_MtErie_Enterprise_VIS_0003_00000060.jpeg,D:\Hackathons\miniproject5sem\WiSARD_Multi_Modal_Sample\210417_MtErie_Enterprise_VIS_0003\210417_MtErie_Enterprise_VIS_0003_00000060.txt,4
train,61,D:\Hackathons\miniproject5sem\WiSARD_Multi_Modal_Sample\210417_MtErie_Enterprise_VIS_0003\210417_MtErie_Enterprise_VIS_0003_00000061.jpeg,D:\Hackathons\miniproject5sem\WiSARD_Multi_Modal_Sample\210417_MtErie_Enterprise_VIS_0003\210417_MtErie_Enterprise_VIS_0003_00000061.txt,4
train,62,D:\Hackathons\miniproject5sem\WiSARD_Multi_Modal_Sample\210417_MtErie_Enterprise_VIS_0003\210417_MtErie_Enterprise_VIS_0003_00000062.jpeg,D:\Hackathons\miniproject5sem\WiSARD_Multi_Modal_Sample\210417_MtErie_Enterprise_VIS_0003\210417_MtErie_Enterprise_VIS_0003_00000062.txt,4
train,63,D:\Hackathons\miniproject5sem\WiSARD_Multi_Modal_Sample\210417_MtErie_Enterprise_VIS_0003\210417_MtErie_Enterprise_VIS_0003_00000063.jpeg,D:\Hackathons\miniproject5sem\WiSARD_Multi_Modal_Sample\210417_MtErie_Enterprise_VIS_0003\210417_MtErie_Enterprise_VIS_0003_00000063.txt,4
train,64,D:\Hackathons\miniproject5sem\WiSARD_Multi_Modal_Sample\210417_MtErie_Enterprise_VIS_0003\210417_MtErie_Enterprise_VIS_0003_00000064.jpeg,D:\Hackathons\miniproject5sem\WiSARD_Multi_Modal_Sample\210417_MtErie_Enterprise_VIS_0003\210417_MtErie_Enterprise_VIS_0003_00000064.txt,4
train,65,D:\Hackathons\miniproject5sem\WiSARD_Multi_Modal_Sample\210417_MtErie_Enterprise_VIS_0003\210417_MtErie_Enterprise_VIS_0003_00000065.jpeg,D:\Hackathons\miniproject5sem\WiSARD_Multi_Modal_Sample\210417_MtErie_Enterprise_VIS_0003\210417_MtErie_Enterprise_VIS_0003_00000065.txt,4
train,66,D:\Hackathons\miniproject5sem\WiSARD_Multi_Modal_Sample\210417_MtErie_Enterprise_VIS_0003\210417_MtErie_Enterprise_VIS_0003_00000066.jpeg,D:\Hackathons\miniproject5sem\WiSARD_Multi_Modal_Sample\210417_MtErie_Enterprise_VIS_0003\210417_MtErie_Enterprise_VIS_0003_00000066.txt,4
train,67,D:\Hackathons\miniproject5sem\WiSARD_Multi_Modal_Sample\210417_MtErie_Enterprise_VIS_0003\210417_MtErie_Enterprise_VIS_0003_00000067.jpeg,D:\Hackathons\miniproject5sem\WiSARD_Multi_Modal_Sample\210417_MtErie_Enterprise_VIS_0003\210417_MtErie_Enterprise_VIS_0003_00000067.txt,4
train,68,D:\Hackathons\miniproject5sem\WiSARD_Multi_Modal_Sample\210417_MtErie_Enterprise_VIS_0003\210417_MtErie_Enterprise_VIS_0003_00000068.jpeg,D:\Hackathons\miniproject5sem\WiSARD_Multi_Modal_Sample\210417_MtErie_Enterprise_VIS_0003\210417_MtErie_Enterprise_VIS_0003_00000068.txt,4
train,69,D:\Hackathons\miniproject5sem\WiSARD_Multi_Modal_Sample\210417_MtErie_Enterprise_VIS_0003\210417_MtErie_Enterprise_VIS_0003_00000069.jpeg,D:\Hackathons\miniproject5sem\WiSARD_Multi_Modal_Sample\210417_MtErie_Enterprise_VIS_0003\210417_MtErie_Enterprise_VIS_0003_00000069.txt,4
train,70,D:\Hackathons\miniproject5sem\WiSARD_Multi_Modal_Sample\210417_MtErie_Enterprise_VIS_0003\210417_MtErie_Enterprise_VIS_0003_00000070.jpeg,D:\Hackathons\miniproject5sem\WiSARD_Multi_Modal_Sample\210417_MtErie_Enterprise_VIS_0003\210417_MtErie_Enterprise_VIS_0003_00000070.txt,4
train,71,D:\Hackathons\miniproject5sem\WiSARD_Multi_Modal_Sample\210417_MtErie_Enterprise_VIS_0003\210417_MtErie_Enterprise_VIS_0003_00000071.jpeg,D:\Hackathons\miniproject5sem\WiSARD_Multi_Modal_Sample\210417_MtErie_Enterprise_VIS_0003\210417_MtErie_Enterprise_VIS_0003_00000071.txt,4
train,72,D:\Hackathons\miniproject5sem\WiSARD_Multi_Modal_Sample\210417_MtErie_Enterprise_VIS_0003\210417_MtErie_Enterprise_VIS_0003_00000072.jpeg,D:\Hackathons\miniproject5sem\WiSARD_Multi_Modal_Sample\210417_MtErie_Enterprise_VIS_0003\210417_MtErie_Enterprise_VIS_0003_00000072.txt,4
train,73,D:\Hackathons\miniproject5sem\WiSARD_Multi_Modal_Sample\210417_MtErie_Enterprise_VIS_0003\210417_MtErie_Enterprise_VIS_0003_00000073.jpeg,D:\Hackathons\miniproject5sem\WiSARD_Multi_Modal_Sample\210417_MtErie_Enterprise_VIS_0003\210417_MtErie_Enterprise_VIS_0003_00000073.txt,4
train,74,D:\Hackathons\miniproject5sem\WiSARD_Multi_Modal_Sample\210417_MtErie_Enterprise_VIS_0003\210417_MtErie_Enterprise_VIS_0003_00000074.jpeg,D:\Hackathons\miniproject5sem\WiSARD_Multi_Modal_Sample\210417_MtErie_Enterprise_VIS_0003\210417_MtErie_Enterprise_VIS_0003_00000074.txt,4
train,75,D:\Hackathons\miniproject5sem\WiSARD_Multi_Modal_Sample\210417_MtErie_Enterprise_VIS_0003\210417_MtErie_Enterprise_VIS_0003_00000075.jpeg,D:\Hackathons\miniproject5sem\WiSARD_Multi_Modal_Sample\210417_MtErie_Enterprise_VIS_0003\210417_MtErie_Enterprise_VIS_0003_00000075.txt,4
train,76,D:\Hackathons\miniproject5sem\WiSARD_Multi_Modal_Sample\210417_MtErie_Enterprise_VIS_0003\210417_MtErie_Enterprise_VIS_0003_00000076.jpeg,D:\Hackathons\miniproject5sem\WiSARD_Multi_Modal_Sample\210417_MtErie_Enterprise_VIS_0003\210417_MtErie_Enterprise_VIS_0003_00000076.txt,4
train,77,D:\Hackathons\miniproject5sem\WiSARD_Multi_Modal_Sample\210417_MtErie_Enterprise_VIS_0003\210417_MtErie_Enterprise_VIS_0003_00000077.jpeg,D:\Hackathons\miniproject5sem\WiSARD_Multi_Modal_Sample\210417_MtErie_Enterprise_VIS_0003\210417_MtErie_Enterprise_VIS_0003_00000077.txt,4
train,78,D:\Hackathons\miniproject5sem\WiSARD_Multi_Modal_Sample\210417_MtErie_Enterprise_VIS_0003\210417_MtErie_Enterprise_VIS_0003_00000078.jpeg,D:\Hackathons\miniproject5sem\WiSARD_Multi_Modal_Sample\210417_MtErie_Enterprise_VIS_0003\210417_MtErie_Enterprise_VIS_0003_00000078.txt,4
train,79,D:\Hackathons\miniproject5sem\WiSARD_Multi_Modal_Sample\210417_MtErie_Enterprise_VIS_0003\210417_MtErie_Enterprise_VIS_0003_00000079.jpeg,D:\Hackathons\miniproject5sem\WiSARD_Multi_Modal_Sample\210417_MtErie_Enterprise_VIS_0003\210417_MtErie_Enterprise_VIS_0003_00000079.txt,4
train,80,D:\Hackathons\miniproject5sem\WiSARD_Multi_Modal_Sample\210417_MtErie_Enterprise_VIS_0003\210417_MtErie_Enterprise_VIS_0003_00000080.jpeg,D:\Hackathons\miniproject5sem\WiSARD_Multi_Modal_Sample\210417_MtErie_Enterprise_VIS_0003\210417_MtErie_Enterprise_VIS_0003_00000080.txt,4
train,81,D:\Hackathons\miniproject5sem\WiSARD_Multi_Modal_Sample\210417_MtErie_Enterprise_VIS_0003\210417_MtErie_Enterprise_VIS_0003_00000081.jpeg,D:\Hackathons\miniproject5sem\WiSARD_Multi_Modal_Sample\210417_MtErie_Enterprise_VIS_0003\210417_MtErie_Enterprise_VIS_0003_00000081.txt,4
train,82,D:\Hackathons\miniproject5sem\WiSARD_Multi_Modal_Sample\210417_MtErie_Enterprise_VIS_0003\210417_MtErie_Enterprise_VIS_0003_00000082.jpeg,D:\Hackathons\miniproject5sem\WiSARD_Multi_Modal_Sample\210417_MtErie_Enterprise_VIS_0003\210417_MtErie_Enterprise_VIS_0003_00000082.txt,4
train,83,D:\Hackathons\miniproject5sem\WiSARD_Multi_Modal_Sample\210417_MtErie_Enterprise_VIS_0003\210417_MtErie_Enterprise_VIS_0003_00000083.jpeg,D:\Hackathons\miniproject5sem\WiSARD_Multi_Modal_Sample\210417_MtErie_Enterprise_VIS_0003\210417_MtErie_Enterprise_VIS_0003_00000083.txt,4
train,84,D:\Hackathons\miniproject5sem\WiSARD_Multi_Modal_Sample\210417_MtErie_Enterprise_VIS_0003\210417_MtErie_Enterprise_VIS_0003_00000084.jpeg,D:\Hackathons\miniproject5sem\WiSARD_Multi_Modal_Sample\210417_MtErie_Enterprise_VIS_0003\210417_MtErie_Enterprise_VIS_0003_00000084.txt,4
train,85,D:\Hackathons\miniproject5sem\WiSARD_Multi_Modal_Sample\210417_MtErie_Enterprise_VIS_0003\210417_MtErie_Enterprise_VIS_0003_00000085.jpeg,D:\Hackathons\miniproject5sem\WiSARD_Multi_Modal_Sample\210417_MtErie_Enterprise_VIS_0003\210417_MtErie_Enterprise_VIS_0003_00000085.txt,4
train,86,D:\Hackathons\miniproject5sem\WiSARD_Multi_Modal_Sample\210417_MtErie_Enterprise_VIS_0003\210417_MtErie_Enterprise_VIS_0003_00000086.jpeg,D:\Hackathons\miniproject5sem\WiSARD_Multi_Modal_Sample\210417_MtErie_Enterprise_VIS_0003\210417_MtErie_Enterprise_VIS_0003_00000086.txt,4
train,87,D:\Hackathons\miniproject5sem\WiSARD_Multi_Modal_Sample\210417_MtErie_Enterprise_VIS_0003\210417_MtErie_Enterprise_VIS_0003_00000087.jpeg,D:\Hackathons\miniproject5sem\WiSARD_Multi_Modal_Sample\210417_MtErie_Enterprise_VIS_0003\210417_MtErie_Enterprise_VIS_0003_00000087.txt,4
train,88,D:\Hackathons\miniproject5sem\WiSARD_Multi_Modal_Sample\210417_MtErie_Enterprise_VIS_0003\210417_MtErie_Enterprise_VIS_0003_00000088.jpeg,D:\Hackathons\miniproject5sem\WiSARD_Multi_Modal_Sample\210417_MtErie_Enterprise_VIS_0003\210417_MtErie_Enterprise_VIS_0003_00000088.txt,4
train,89,D:\Hackathons\miniproject5sem\WiSARD_Multi_Modal_Sample\210417_MtErie_Enterprise_VIS_0003\210417_MtErie_Enterprise_VIS_0003_00000089.jpeg,D:\Hackathons\miniproject5sem\WiSARD_Multi_Modal_Sample\210417_MtErie_Enterprise_VIS_0003\210417_MtErie_Enterprise_VIS_0003_00000089.txt,4
train,90,D:\Hackathons\miniproject5sem\WiSARD_Multi_Modal_Sample\210417_MtErie_Enterprise_VIS_0003\210417_MtErie_Enterprise_VIS_0003_00000090.jpeg,D:\Hackathons\miniproject5sem\WiSARD_Multi_Modal_Sample\210417_MtErie_Enterprise_VIS_0003\210417_MtErie_Enterprise_VIS_0003_00000090.txt,4
train,91,D:\Hackathons\miniproject5sem\WiSARD_Multi_Modal_Sample\210417_MtErie_Enterprise_VIS_0003\210417_MtErie_Enterprise_VIS_0003_00000091.jpeg,D:\Hackathons\miniproject5sem\WiSARD_Multi_Modal_Sample\210417_MtErie_Enterprise_VIS_0003\210417_MtErie_Enterprise_VIS_0003_00000091.txt,4
train,92,D:\Hackathons\miniproject5sem\WiSARD_Multi_Modal_Sample\210417_MtErie_Enterprise_VIS_0003\210417_MtErie_Enterprise_VIS_0003_00000092.jpeg,D:\Hackathons\miniproject5sem\WiSARD_Multi_Modal_Sample\210417_MtErie_Enterprise_VIS_0003\210417_MtErie_Enterprise_VIS_0003_00000092.txt,4
train,93,D:\Hackathons\miniproject5sem\WiSARD_Multi_Modal_Sample\210417_MtErie_Enterprise_VIS_0003\210417_MtErie_Enterprise_VIS_0003_00000093.jpeg,D:\Hackathons\miniproject5sem\WiSARD_Multi_Modal_Sample\210417_MtErie_Enterprise_VIS_0003\210417_MtErie_Enterprise_VIS_0003_00000093.txt,4
train,94,D:\Hackathons\miniproject5sem\WiSARD_Multi_Modal_Sample\210417_MtErie_Enterprise_VIS_0003\210417_MtErie_Enterprise_VIS_0003_00000094.jpeg,D:\Hackathons\miniproject5sem\WiSARD_Multi_Modal_Sample\210417_MtErie_Enterprise_VIS_0003\210417_MtErie_Enterprise_VIS_0003_00000094.txt,4
train,95,D:\Hackathons\miniproject5sem\WiSARD_Multi_Modal_Sample\210417_MtErie_Enterprise_VIS_0003\210417_MtErie_Enterprise_VIS_0003_00000095.jpeg,D:\Hackathons\miniproject5sem\WiSARD_Multi_Modal_Sample\210417_MtErie_Enterprise_VIS_0003\210417_MtErie_Enterprise_VIS_0003_00000095.txt,4
train,96,D:\Hackathons\miniproject5sem\WiSARD_Multi_Modal_Sample\210417_MtErie_Enterprise_VIS_0003\210417_MtErie_Enterprise_VIS_0003_00000096.jpeg,D:\Hackathons\miniproject5sem\WiSARD_Multi_Modal_Sample\210417_MtErie_Enterprise_VIS_0003\210417_MtErie_Enterprise_VIS_0003_00000096.txt,4
train,97,D:\Hackathons\miniproject5sem\WiSARD_Multi_Modal_Sample\210417_MtErie_Enterprise_VIS_0003\210417_MtErie_Enterprise_VIS_0003_00000097.jpeg,D:\Hackathons\miniproject5sem\WiSARD_Multi_Modal_Sample\210417_MtErie_Enterprise_VIS_0003\210417_MtErie_Enterprise_VIS_0003_00000097.txt,4
train,98,D:\Hackathons\miniproject5sem\WiSARD_Multi_Modal_Sample\210417_MtErie_Enterprise_VIS_0003\210417_MtErie_Enterprise_VIS_0003_00000098.jpeg,D:\Hackathons\miniproject5sem\WiSARD_Multi_Modal_Sample\210417_MtErie_Enterprise_VIS_0003\210417_MtErie_Enterprise_VIS_0003_00000098.txt,4
train,99,D:\Hackathons\miniproject5sem\WiSARD_Multi_Modal_Sample\210417_MtErie_Enterprise_VIS_0003\210417_MtErie_Enterprise_VIS_0003_00000099.jpeg,D:\Hackathons\miniproject5sem\WiSARD_Multi_Modal_Sample\210417_MtErie_Enterprise_VIS_0003\210417_MtErie_Enterprise_VIS_0003_00000099.txt,4
train,100,D:\Hackathons\miniproject5sem\WiSARD_Multi_Modal_Sample\210417_MtErie_Enterprise_VIS_0003\210417_MtErie_Enterprise_VIS_0003_00000100.jpeg,D:\Hackathons\miniproject5sem\WiSARD_Multi_Modal_Sample\210417_MtErie_Enterprise_VIS_0003\210417_MtErie_Enterprise_VIS_0003_00000100.txt,4
train,101,D:\Hackathons\miniproject5sem\WiSARD_Multi_Modal_Sample\210417_MtErie_Enterprise_VIS_0003\210417_MtErie_Enterprise_VIS_0003_00000101.jpeg,D:\Hackathons\miniproject5sem\WiSARD_Multi_Modal_Sample\210417_MtErie_Enterprise_VIS_0003\210417_MtErie_Enterprise_VIS_0003_00000101.txt,4
train,102,D:\Hackathons\miniproject5sem\WiSARD_Multi_Modal_Sample\210417_MtErie_Enterprise_VIS_0003\210417_MtErie_Enterprise_VIS_0003_00000102.jpeg,D:\Hackathons\miniproject5sem\WiSARD_Multi_Modal_Sample\210417_MtErie_Enterprise_VIS_0003\210417_MtErie_Enterprise_VIS_0003_00000102.txt,4
train,103,D:\Hackathons\miniproject5sem\WiSARD_Multi_Modal_Sample\210417_MtErie_Enterprise_VIS_0003\210417_MtErie_Enterprise_VIS_0003_00000103.jpeg,D:\Hackathons\miniproject5sem\WiSARD_Multi_Modal_Sample\210417_MtErie_Enterprise_VIS_0003\210417_MtErie_Enterprise_VIS_0003_00000103.txt,4
train,104,D:\Hackathons\miniproject5sem\WiSARD_Multi_Modal_Sample\210417_MtErie_Enterprise_VIS_0003\210417_MtErie_Enterprise_VIS_0003_00000104.jpeg,D:\Hackathons\miniproject5sem\WiSARD_Multi_Modal_Sample\210417_MtErie_Enterprise_VIS_0003\210417_MtErie_Enterprise_VIS_0003_00000104.txt,4
train,105,D:\Hackathons\miniproject5sem\WiSARD_Multi_Modal_Sample\210417_MtErie_Enterprise_VIS_0003\210417_MtErie_Enterprise_VIS_0003_00000105.jpeg,D:\Hackathons\miniproject5sem\WiSARD_Multi_Modal_Sample\210417_MtErie_Enterprise_VIS_0003\210417_MtErie_Enterprise_VIS_0003_00000105.txt,4
train,106,D:\Hackathons\miniproject5sem\WiSARD_Multi_Modal_Sample\210417_MtErie_Enterprise_VIS_0003\210417_MtErie_Enterprise_VIS_0003_00000106.jpeg,D:\Hackathons\miniproject5sem\WiSARD_Multi_Modal_Sample\210417_MtErie_Enterprise_VIS_0003\210417_MtErie_Enterprise_VIS_0003_00000106.txt,4
train,107,D:\Hackathons\miniproject5sem\WiSARD_Multi_Modal_Sample\210417_MtErie_Enterprise_VIS_0003\210417_MtErie_Enterprise_VIS_0003_00000107.jpeg,D:\Hackathons\miniproject5sem\WiSARD_Multi_Modal_Sample\210417_MtErie_Enterprise_VIS_0003\210417_MtErie_Enterprise_VIS_0003_00000107.txt,4
train,108,D:\Hackathons\miniproject5sem\WiSARD_Multi_Modal_Sample\210417_MtErie_Enterprise_VIS_0003\210417_MtErie_Enterprise_VIS_0003_00000108.jpeg,D:\Hackathons\miniproject5sem\WiSARD_Multi_Modal_Sample\210417_MtErie_Enterprise_VIS_0003\210417_MtErie_Enterprise_VIS_0003_00000108.txt,4
train,109,D:\Hackathons\miniproject5sem\WiSARD_Multi_Modal_Sample\210417_MtErie_Enterprise_VIS_0003\210417_MtErie_Enterprise_VIS_0003_00000109.jpeg,D:\Hackathons\miniproject5sem\WiSARD_Multi_Modal_Sample\210417_MtErie_Enterprise_VIS_0003\210417_MtErie_Enterprise_VIS_0003_00000109.txt,4
train,110,D:\Hackathons\miniproject5sem\WiSARD_Multi_Modal_Sample\210417_MtErie_Enterprise_VIS_0003\210417_MtErie_Enterprise_VIS_0003_00000110.jpeg,D:\Hackathons\miniproject5sem\WiSARD_Multi_Modal_Sample\210417_MtErie_Enterprise_VIS_0003\210417_MtErie_Enterprise_VIS_0003_00000110.txt,4
train,111,D:\Hackathons\miniproject5sem\WiSARD_Multi_Modal_Sample\210417_MtErie_Enterprise_VIS_0003\210417_MtErie_Enterprise_VIS_0003_00000111.jpeg,D:\Hackathons\miniproject5sem\WiSARD_Multi_Modal_Sample\210417_MtErie_Enterprise_VIS_0003\210417_MtErie_Enterprise_VIS_0003_00000111.txt,4
train,112,D:\Hackathons\miniproject5sem\WiSARD_Multi_Modal_Sample\210417_MtErie_Enterprise_VIS_0003\210417_MtErie_Enterprise_VIS_0003_00000112.jpeg,D:\Hackathons\miniproject5sem\WiSARD_Multi_Modal_Sample\210417_MtErie_Enterprise_VIS_0003\210417_MtErie_Enterprise_VIS_0003_00000112.txt,4
train,113,D:\Hackathons\miniproject5sem\WiSARD_Multi_Modal_Sample\210417_MtErie_Enterprise_VIS_0003\210417_MtErie_Enterprise_VIS_0003_00000113.jpeg,D:\Hackathons\miniproject5sem\WiSARD_Multi_Modal_Sample\210417_MtErie_Enterprise_VIS_0003\210417_MtErie_Enterprise_VIS_0003_00000113.txt,4
train,114,D:\Hackathons\miniproject5sem\WiSARD_Multi_Modal_Sample\210417_MtErie_Enterprise_VIS_0003\210417_MtErie_Enterprise_VIS_0003_00000114.jpeg,D:\Hackathons\miniproject5sem\WiSARD_Multi_Modal_Sample\210417_MtErie_Enterprise_VIS_0003\210417_MtErie_Enterprise_VIS_0003_00000114.txt,4
train,115,D:\Hackathons\miniproject5sem\WiSARD_Multi_Modal_Sample\210417_MtErie_Enterprise_VIS_0003\210417_MtErie_Enterprise_VIS_0003_00000115.jpeg,D:\Hackathons\miniproject5sem\WiSARD_Multi_Modal_Sample\210417_MtErie_Enterprise_VIS_0003\210417_MtErie_Enterprise_VIS_0003_00000115.txt,4
train,116,D:\Hackathons\miniproject5sem\WiSARD_Multi_Modal_Sample\210417_MtErie_Enterprise_VIS_0003\210417_MtErie_Enterprise_VIS_0003_00000116.jpeg,D:\Hackathons\miniproject5sem\WiSARD_Multi_Modal_Sample\210417_MtErie_Enterprise_VIS_0003\210417_MtErie_Enterprise_VIS_0003_00000116.txt,4
train,117,D:\Hackathons\miniproject5sem\WiSARD_Multi_Modal_Sample\210417_MtErie_Enterprise_VIS_0003\210417_MtErie_Enterprise_VIS_0003_00000117.jpeg,D:\Hackathons\miniproject5sem\WiSARD_Multi_Modal_Sample\210417_MtErie_Enterprise_VIS_0003\210417_MtErie_Enterprise_VIS_0003_00000117.txt,4
train,118,D:\Hackathons\miniproject5sem\WiSARD_Multi_Modal_Sample\210417_MtErie_Enterprise_VIS_0003\210417_MtErie_Enterprise_VIS_0003_00000118.jpeg,D:\Hackathons\miniproject5sem\WiSARD_Multi_Modal_Sample\210417_MtErie_Enterprise_VIS_0003\210417_MtErie_Enterprise_VIS_0003_00000118.txt,4
train,119,D:\Hackathons\miniproject5sem\WiSARD_Multi_Modal_Sample\210417_MtErie_Enterprise_VIS_0003\210417_MtErie_Enterprise_VIS_0003_00000119.jpeg,D:\Hackathons\miniproject5sem\WiSARD_Multi_Modal_Sample\210417_MtErie_Enterprise_VIS_0003\210417_MtErie_Enterprise_VIS_0003_00000119.txt,4
train,120,D:\Hackathons\miniproject5sem\WiSARD_Multi_Modal_Sample\210417_MtErie_Enterprise_VIS_0003\210417_MtErie_Enterprise_VIS_0003_00000120.jpeg,D:\Hackathons\miniproject5sem\WiSARD_Multi_Modal_Sample\210417_MtErie_Enterprise_VIS_0003\210417_MtErie_Enterprise_VIS_0003_00000120.txt,4
train,121,D:\Hackathons\miniproject5sem\WiSARD_Multi_Modal_Sample\210417_MtErie_Enterprise_VIS_0003\210417_MtErie_Enterprise_VIS_0003_00000121.jpeg,D:\Hackathons\miniproject5sem\WiSARD_Multi_Modal_Sample\210417_MtErie_Enterprise_VIS_0003\210417_MtErie_Enterprise_VIS_0003_00000121.txt,4
train,122,D:\Hackathons\miniproject5sem\WiSARD_Multi_Modal_Sample\210417_MtErie_Enterprise_VIS_0003\210417_MtErie_Enterprise_VIS_0003_00000122.jpeg,D:\Hackathons\miniproject5sem\WiSARD_Multi_Modal_Sample\210417_MtErie_Enterprise_VIS_0003\210417_MtErie_Enterprise_VIS_0003_00000122.txt,4
train,123,D:\Hackathons\miniproject5sem\WiSARD_Multi_Modal_Sample\210417_MtErie_Enterprise_VIS_0003\210417_MtErie_Enterprise_VIS_0003_00000123.jpeg,D:\Hackathons\miniproject5sem\WiSARD_Multi_Modal_Sample\210417_MtErie_Enterprise_VIS_0003\210417_MtErie_Enterprise_VIS_0003_00000123.txt,4
train,124,D:\Hackathons\miniproject5sem\WiSARD_Multi_Modal_Sample\210417_MtErie_Enterprise_VIS_0003\210417_MtErie_Enterprise_VIS_0003_00000124.jpeg,D:\Hackathons\miniproject5sem\WiSARD_Multi_Modal_Sample\210417_MtErie_Enterprise_VIS_0003\210417_MtErie_Enterprise_VIS_0003_00000124.txt,4
train,125,D:\Hackathons\miniproject5sem\WiSARD_Multi_Modal_Sample\210417_MtErie_Enterprise_VIS_0003\210417_MtErie_Enterprise_VIS_0003_00000125.jpeg,D:\Hackathons\miniproject5sem\WiSARD_Multi_Modal_Sample\210417_MtErie_Enterprise_VIS_0003\210417_MtErie_Enterprise_VIS_0003_00000125.txt,4
train,126,D:\Hackathons\miniproject5sem\WiSARD_Multi_Modal_Sample\210417_MtErie_Enterprise_VIS_0003\210417_MtErie_Enterprise_VIS_0003_00000126.jpeg,D:\Hackathons\miniproject5sem\WiSARD_Multi_Modal_Sample\210417_MtErie_Enterprise_VIS_0003\210417_MtErie_Enterprise_VIS_0003_00000126.txt,4
train,127,D:\Hackathons\miniproject5sem\WiSARD_Multi_Modal_Sample\210417_MtErie_Enterprise_VIS_0003\210417_MtErie_Enterprise_VIS_0003_00000127.jpeg,D:\Hackathons\miniproject5sem\WiSARD_Multi_Modal_Sample\210417_MtErie_Enterprise_VIS_0003\210417_MtErie_Enterprise_VIS_0003_00000127.txt,4
train,128,D:\Hackathons\miniproject5sem\WiSARD_Multi_Modal_Sample\210417_MtErie_Enterprise_VIS_0003\210417_MtErie_Enterprise_VIS_0003_00000128.jpeg,D:\Hackathons\miniproject5sem\WiSARD_Multi_Modal_Sample\210417_MtErie_Enterprise_VIS_0003\210417_MtErie_Enterprise_VIS_0003_00000128.txt,4
train,129,D:\Hackathons\miniproject5sem\WiSARD_Multi_Modal_Sample\210417_MtErie_Enterprise_VIS_0003\210417_MtErie_Enterprise_VIS_0003_00000129.jpeg,D:\Hackathons\miniproject5sem\WiSARD_Multi_Modal_Sample\210417_MtErie_Enterprise_VIS_0003\210417_MtErie_Enterprise_VIS_0003_00000129.txt,4
train,130,D:\Hackathons\miniproject5sem\WiSARD_Multi_Modal_Sample\210417_MtErie_Enterprise_VIS_0003\210417_MtErie_Enterprise_VIS_0003_00000130.jpeg,D:\Hackathons\miniproject5sem\WiSARD_Multi_Modal_Sample\210417_MtErie_Enterprise_VIS_0003\210417_MtErie_Enterprise_VIS_0003_00000130.txt,4
train,131,D:\Hackathons\miniproject5sem\WiSARD_Multi_Modal_Sample\210417_MtErie_Enterprise_VIS_0003\210417_MtErie_Enterprise_VIS_0003_00000131.jpeg,D:\Hackathons\miniproject5sem\WiSARD_Multi_Modal_Sample\210417_MtErie_Enterprise_VIS_0003\210417_MtErie_Enterprise_VIS_0003_00000131.txt,4
train,132,D:\Hackathons\miniproject5sem\WiSARD_Multi_Modal_Sample\210417_MtErie_Enterprise_VIS_0003\210417_MtErie_Enterprise_VIS_0003_00000132.jpeg,D:\Hackathons\miniproject5sem\WiSARD_Multi_Modal_Sample\210417_MtErie_Enterprise_VIS_0003\210417_MtErie_Enterprise_VIS_0003_00000132.txt,4
train,133,D:\Hackathons\miniproject5sem\WiSARD_Multi_Modal_Sample\210417_MtErie_Enterprise_VIS_0003\210417_MtErie_Enterprise_VIS_0003_00000133.jpeg,D:\Hackathons\miniproject5sem\WiSARD_Multi_Modal_Sample\210417_MtErie_Enterprise_VIS_0003\210417_MtErie_Enterprise_VIS_0003_00000133.txt,4
train,134,D:\Hackathons\miniproject5sem\WiSARD_Multi_Modal_Sample\210417_MtErie_Enterprise_VIS_0003\210417_MtErie_Enterprise_VIS_0003_00000134.jpeg,D:\Hackathons\miniproject5sem\WiSARD_Multi_Modal_Sample\210417_MtErie_Enterprise_VIS_0003\210417_MtErie_Enterprise_VIS_0003_00000134.txt,4
train,135,D:\Hackathons\miniproject5sem\WiSARD_Multi_Modal_Sample\210417_MtErie_Enterprise_VIS_0003\210417_MtErie_Enterprise_VIS_0003_00000135.jpeg,D:\Hackathons\miniproject5sem\WiSARD_Multi_Modal_Sample\210417_MtErie_Enterprise_VIS_0003\210417_MtErie_Enterprise_VIS_0003_00000135.txt,4
train,136,D:\Hackathons\miniproject5sem\WiSARD_Multi_Modal_Sample\210417_MtErie_Enterprise_VIS_0003\210417_MtErie_Enterprise_VIS_0003_00000136.jpeg,D:\Hackathons\miniproject5sem\WiSARD_Multi_Modal_Sample\210417_MtErie_Enterprise_VIS_0003\210417_MtErie_Enterprise_VIS_0003_00000136.txt,4
train,137,D:\Hackathons\miniproject5sem\WiSARD_Multi_Modal_Sample\210417_MtErie_Enterprise_VIS_0003\210417_MtErie_Enterprise_VIS_0003_00000137.jpeg,D:\Hackathons\miniproject5sem\WiSARD_Multi_Modal_Sample\210417_MtErie_Enterprise_VIS_0003\210417_MtErie_Enterprise_VIS_0003_00000137.txt,4
train,138,D:\Hackathons\miniproject5sem\WiSARD_Multi_Modal_Sample\210417_MtErie_Enterprise_VIS_0003\210417_MtErie_Enterprise_VIS_0003_00000138.jpeg,D:\Hackathons\miniproject5sem\WiSARD_Multi_Modal_Sample\210417_MtErie_Enterprise_VIS_0003\210417_MtErie_Enterprise_VIS_0003_00000138.txt,4
train,139,D:\Hackathons\miniproject5sem\WiSARD_Multi_Modal_Sample\210417_MtErie_Enterprise_VIS_0003\210417_MtErie_Enterprise_VIS_0003_00000139.jpeg,D:\Hackathons\miniproject5sem\WiSARD_Multi_Modal_Sample\210417_MtErie_Enterprise_VIS_0003\210417_MtErie_Enterprise_VIS_0003_00000139.txt,4
train,140,D:\Hackathons\miniproject5sem\WiSARD_Multi_Modal_Sample\210417_MtErie_Enterprise_VIS_0003\210417_MtErie_Enterprise_VIS_0003_00000140.jpeg,D:\Hackathons\miniproject5sem\WiSARD_Multi_Modal_Sample\210417_MtErie_Enterprise_VIS_0003\210417_MtErie_Enterprise_VIS_0003_00000140.txt,4
train,141,D:\Hackathons\miniproject5sem\WiSARD_Multi_Modal_Sample\210417_MtErie_Enterprise_VIS_0003\210417_MtErie_Enterprise_VIS_0003_00000141.jpeg,D:\Hackathons\miniproject5sem\WiSARD_Multi_Modal_Sample\210417_MtErie_Enterprise_VIS_0003\210417_MtErie_Enterprise_VIS_0003_00000141.txt,4
train,142,D:\Hackathons\miniproject5sem\WiSARD_Multi_Modal_Sample\210417_MtErie_Enterprise_VIS_0003\210417_MtErie_Enterprise_VIS_0003_00000142.jpeg,D:\Hackathons\miniproject5sem\WiSARD_Multi_Modal_Sample\210417_MtErie_Enterprise_VIS_0003\210417_MtErie_Enterprise_VIS_0003_00000142.txt,4
train,143,D:\Hackathons\miniproject5sem\WiSARD_Multi_Modal_Sample\210417_MtErie_Enterprise_VIS_0003\210417_MtErie_Enterprise_VIS_0003_00000143.jpeg,D:\Hackathons\miniproject5sem\WiSARD_Multi_Modal_Sample\210417_MtErie_Enterprise_VIS_0003\210417_MtErie_Enterprise_VIS_0003_00000143.txt,4
train,144,D:\Hackathons\miniproject5sem\WiSARD_Multi_Modal_Sample\210417_MtErie_Enterprise_VIS_0003\210417_MtErie_Enterprise_VIS_0003_00000144.jpeg,D:\Hackathons\miniproject5sem\WiSARD_Multi_Modal_Sample\210417_MtErie_Enterprise_VIS_0003\210417_MtErie_Enterprise_VIS_0003_00000144.txt,4
train,145,D:\Hackathons\miniproject5sem\WiSARD_Multi_Modal_Sample\210417_MtErie_Enterprise_VIS_0003\210417_MtErie_Enterprise_VIS_0003_00000145.jpeg,D:\Hackathons\miniproject5sem\WiSARD_Multi_Modal_Sample\210417_MtErie_Enterprise_VIS_0003\210417_MtErie_Enterprise_VIS_0003_00000145.txt,4
train,146,D:\Hackathons\miniproject5sem\WiSARD_Multi_Modal_Sample\210417_MtErie_Enterprise_VIS_0003\210417_MtErie_Enterprise_VIS_0003_00000146.jpeg,D:\Hackathons\miniproject5sem\WiSARD_Multi_Modal_Sample\210417_MtErie_Enterprise_VIS_0003\210417_MtErie_Enterprise_VIS_0003_00000146.txt,4
train,147,D:\Hackathons\miniproject5sem\WiSARD_Multi_Modal_Sample\210417_MtErie_Enterprise_VIS_0003\210417_MtErie_Enterprise_VIS_0003_00000147.jpeg,D:\Hackathons\miniproject5sem\WiSARD_Multi_Modal_Sample\210417_MtErie_Enterprise_VIS_0003\210417_MtErie_Enterprise_VIS_0003_00000147.txt,4
train,148,D:\Hackathons\miniproject5sem\WiSARD_Multi_Modal_Sample\210417_MtErie_Enterprise_VIS_0003\210417_MtErie_Enterprise_VIS_0003_00000148.jpeg,D:\Hackathons\miniproject5sem\WiSARD_Multi_Modal_Sample\210417_MtErie_Enterprise_VIS_0003\210417_MtErie_Enterprise_VIS_0003_00000148.txt,4
train,149,D:\Hackathons\miniproject5sem\WiSARD_Multi_Modal_Sample\210417_MtErie_Enterprise_VIS_0003\210417_MtErie_Enterprise_VIS_0003_00000149.jpeg,D:\Hackathons\miniproject5sem\WiSARD_Multi_Modal_Sample\210417_MtErie_Enterprise_VIS_0003\210417_MtErie_Enterprise_VIS_0003_00000149.txt,4
train,150,D:\Hackathons\miniproject5sem\WiSARD_Multi_Modal_Sample\210417_MtErie_Enterprise_VIS_0003\210417_MtErie_Enterprise_VIS_0003_00000150.jpeg,D:\Hackathons\miniproject5sem\WiSARD_Multi_Modal_Sample\210417_MtErie_Enterprise_VIS_0003\210417_MtErie_Enterprise_VIS_0003_00000150.txt,4
train,151,D:\Hackathons\miniproject5sem\WiSARD_Multi_Modal_Sample\210417_MtErie_Enterprise_VIS_0003\210417_MtErie_Enterprise_VIS_0003_00000151.jpeg,D:\Hackathons\miniproject5sem\WiSARD_Multi_Modal_Sample\210417_MtErie_Enterprise_VIS_0003\210417_MtErie_Enterprise_VIS_0003_00000151.txt,4
train,152,D:\Hackathons\miniproject5sem\WiSARD_Multi_Modal_Sample\210417_MtErie_Enterprise_VIS_0003\210417_MtErie_Enterprise_VIS_0003_00000152.jpeg,D:\Hackathons\miniproject5sem\WiSARD_Multi_Modal_Sample\210417_MtErie_Enterprise_VIS_0003\210417_MtErie_Enterprise_VIS_0003_00000152.txt,4
train,153,D:\Hackathons\miniproject5sem\WiSARD_Multi_Modal_Sample\210417_MtErie_Enterprise_VIS_0003\210417_MtErie_Enterprise_VIS_0003_00000153.jpeg,D:\Hackathons\miniproject5sem\WiSARD_Multi_Modal_Sample\210417_MtErie_Enterprise_VIS_0003\210417_MtErie_Enterprise_VIS_0003_00000153.txt,4
train,154,D:\Hackathons\miniproject5sem\WiSARD_Multi_Modal_Sample\210417_MtErie_Enterprise_VIS_0003\210417_MtErie_Enterprise_VIS_0003_00000154.jpeg,D:\Hackathons\miniproject5sem\WiSARD_Multi_Modal_Sample\210417_MtErie_Enterprise_VIS_0003\210417_MtErie_Enterprise_VIS_0003_00000154.txt,4
train,155,D:\Hackathons\miniproject5sem\WiSARD_Multi_Modal_Sample\210417_MtErie_Enterprise_VIS_0003\210417_MtErie_Enterprise_VIS_0003_00000155.jpeg,D:\Hackathons\miniproject5sem\WiSARD_Multi_Modal_Sample\210417_MtErie_Enterprise_VIS_0003\210417_MtErie_Enterprise_VIS_0003_00000155.txt,4
train,156,D:\Hackathons\miniproject5sem\WiSARD_Multi_Modal_Sample\210417_MtErie_Enterprise_VIS_0003\210417_MtErie_Enterprise_VIS_0003_00000156.jpeg,D:\Hackathons\miniproject5sem\WiSARD_Multi_Modal_Sample\210417_MtErie_Enterprise_VIS_0003\210417_MtErie_Enterprise_VIS_0003_00000156.txt,4
train,157,D:\Hackathons\miniproject5sem\WiSARD_Multi_Modal_Sample\210417_MtErie_Enterprise_VIS_0003\210417_MtErie_Enterprise_VIS_0003_00000157.jpeg,D:\Hackathons\miniproject5sem\WiSARD_Multi_Modal_Sample\210417_MtErie_Enterprise_VIS_0003\210417_MtErie_Enterprise_VIS_0003_00000157.txt,4
train,158,D:\Hackathons\miniproject5sem\WiSARD_Multi_Modal_Sample\210417_MtErie_Enterprise_VIS_0003\210417_MtErie_Enterprise_VIS_0003_00000158.jpeg,D:\Hackathons\miniproject5sem\WiSARD_Multi_Modal_Sample\210417_MtErie_Enterprise_VIS_0003\210417_MtErie_Enterprise_VIS_0003_00000158.txt,4
train,159,D:\Hackathons\miniproject5sem\WiSARD_Multi_Modal_Sample\210417_MtErie_Enterprise_VIS_0003\210417_MtErie_Enterprise_VIS_0003_00000159.jpeg,D:\Hackathons\miniproject5sem\WiSARD_Multi_Modal_Sample\210417_MtErie_Enterprise_VIS_0003\210417_MtErie_Enterprise_VIS_0003_00000159.txt,4
train,160,D:\Hackathons\miniproject5sem\WiSARD_Multi_Modal_Sample\210417_MtErie_Enterprise_VIS_0003\210417_MtErie_Enterprise_VIS_0003_00000160.jpeg,D:\Hackathons\miniproject5sem\WiSARD_Multi_Modal_Sample\210417_MtErie_Enterprise_VIS_0003\210417_MtErie_Enterprise_VIS_0003_00000160.txt,4
train,161,D:\Hackathons\miniproject5sem\WiSARD_Multi_Modal_Sample\210417_MtErie_Enterprise_VIS_0003\210417_MtErie_Enterprise_VIS_0003_00000161.jpeg,D:\Hackathons\miniproject5sem\WiSARD_Multi_Modal_Sample\210417_MtErie_Enterprise_VIS_0003\210417_MtErie_Enterprise_VIS_0003_00000161.txt,4
train,162,D:\Hackathons\miniproject5sem\WiSARD_Multi_Modal_Sample\210417_MtErie_Enterprise_VIS_0003\210417_MtErie_Enterprise_VIS_0003_00000162.jpeg,D:\Hackathons\miniproject5sem\WiSARD_Multi_Modal_Sample\210417_MtErie_Enterprise_VIS_0003\210417_MtErie_Enterprise_VIS_0003_00000162.txt,4
train,163,D:\Hackathons\miniproject5sem\WiSARD_Multi_Modal_Sample\210417_MtErie_Enterprise_VIS_0003\210417_MtErie_Enterprise_VIS_0003_00000163.jpeg,D:\Hackathons\miniproject5sem\WiSARD_Multi_Modal_Sample\210417_MtErie_Enterprise_VIS_0003\210417_MtErie_Enterprise_VIS_0003_00000163.txt,4
train,164,D:\Hackathons\miniproject5sem\WiSARD_Multi_Modal_Sample\210417_MtErie_Enterprise_VIS_0003\210417_MtErie_Enterprise_VIS_0003_00000164.jpeg,D:\Hackathons\miniproject5sem\WiSARD_Multi_Modal_Sample\210417_MtErie_Enterprise_VIS_0003\210417_MtErie_Enterprise_VIS_0003_00000164.txt,4
train,165,D:\Hackathons\miniproject5sem\WiSARD_Multi_Modal_Sample\210417_MtErie_Enterprise_VIS_0003\210417_MtErie_Enterprise_VIS_0003_00000165.jpeg,D:\Hackathons\miniproject5sem\WiSARD_Multi_Modal_Sample\210417_MtErie_Enterprise_VIS_0003\210417_MtErie_Enterprise_VIS_0003_00000165.txt,4
train,166,D:\Hackathons\miniproject5sem\WiSARD_Multi_Modal_Sample\210417_MtErie_Enterprise_VIS_0003\210417_MtErie_Enterprise_VIS_0003_00000166.jpeg,D:\Hackathons\miniproject5sem\WiSARD_Multi_Modal_Sample\210417_MtErie_Enterprise_VIS_0003\210417_MtErie_Enterprise_VIS_0003_00000166.txt,2
train,167,D:\Hackathons\miniproject5sem\WiSARD_Multi_Modal_Sample\210417_MtErie_Enterprise_VIS_0003\210417_MtErie_Enterprise_VIS_0003_00000167.jpeg,D:\Hackathons\miniproject5sem\WiSARD_Multi_Modal_Sample\210417_MtErie_Enterprise_VIS_0003\210417_MtErie_Enterprise_VIS_0003_00000167.txt,2
train,168,D:\Hackathons\miniproject5sem\WiSARD_Multi_Modal_Sample\210417_MtErie_Enterprise_VIS_0003\210417_MtErie_Enterprise_VIS_0003_00000168.jpeg,D:\Hackathons\miniproject5sem\WiSARD_Multi_Modal_Sample\210417_MtErie_Enterprise_VIS_0003\210417_MtErie_Enterprise_VIS_0003_00000168.txt,3
train,169,D:\Hackathons\miniproject5sem\WiSARD_Multi_Modal_Sample\210417_MtErie_Enterprise_VIS_0003\210417_MtErie_Enterprise_VIS_0003_00000169.jpeg,D:\Hackathons\miniproject5sem\WiSARD_Multi_Modal_Sample\210417_MtErie_Enterprise_VIS_0003\210417_MtErie_Enterprise_VIS_0003_00000169.txt,2
train,170,D:\Hackathons\miniproject5sem\WiSARD_Multi_Modal_Sample\210417_MtErie_Enterprise_VIS_0003\210417_MtErie_Enterprise_VIS_0003_00000170.jpeg,D:\Hackathons\miniproject5sem\WiSARD_Multi_Modal_Sample\210417_MtErie_Enterprise_VIS_0003\210417_MtErie_Enterprise_VIS_0003_00000170.txt,2
train,171,D:\Hackathons\miniproject5sem\WiSARD_Multi_Modal_Sample\210417_MtErie_Enterprise_VIS_0003\210417_MtErie_Enterprise_VIS_0003_00000171.jpeg,D:\Hackathons\miniproject5sem\WiSARD_Multi_Modal_Sample\210417_MtErie_Enterprise_VIS_0003\210417_MtErie_Enterprise_VIS_0003_00000171.txt,4
train,172,D:\Hackathons\miniproject5sem\WiSARD_Multi_Modal_Sample\210417_MtErie_Enterprise_VIS_0003\210417_MtErie_Enterprise_VIS_0003_00000172.jpeg,D:\Hackathons\miniproject5sem\WiSARD_Multi_Modal_Sample\210417_MtErie_Enterprise_VIS_0003\210417_MtErie_Enterprise_VIS_0003_00000172.txt,4
train,173,D:\Hackathons\miniproject5sem\WiSARD_Multi_Modal_Sample\210417_MtErie_Enterprise_VIS_0003\210417_MtErie_Enterprise_VIS_0003_00000173.jpeg,D:\Hackathons\miniproject5sem\WiSARD_Multi_Modal_Sample\210417_MtErie_Enterprise_VIS_0003\210417_MtErie_Enterprise_VIS_0003_00000173.txt,4
train,174,D:\Hackathons\miniproject5sem\WiSARD_Multi_Modal_Sample\210417_MtErie_Enterprise_VIS_0003\210417_MtErie_Enterprise_VIS_0003_00000174.jpeg,D:\Hackathons\miniproject5sem\WiSARD_Multi_Modal_Sample\210417_MtErie_Enterprise_VIS_0003\210417_MtErie_Enterprise_VIS_0003_00000174.txt,4
train,175,D:\Hackathons\miniproject5sem\WiSARD_Multi_Modal_Sample\210417_MtErie_Enterprise_VIS_0003\210417_MtErie_Enterprise_VIS_0003_00000175.jpeg,D:\Hackathons\miniproject5sem\WiSARD_Multi_Modal_Sample\210417_MtErie_Enterprise_VIS_0003\210417_MtErie_Enterprise_VIS_0003_00000175.txt,4
train,176,D:\Hackathons\miniproject5sem\WiSARD_Multi_Modal_Sample\210417_MtErie_Enterprise_VIS_0003\210417_MtErie_Enterprise_VIS_0003_00000176.jpeg,D:\Hackathons\miniproject5sem\WiSARD_Multi_Modal_Sample\210417_MtErie_Enterprise_VIS_0003\210417_MtErie_Enterprise_VIS_0003_00000176.txt,4
train,177,D:\Hackathons\miniproject5sem\WiSARD_Multi_Modal_Sample\210417_MtErie_Enterprise_VIS_0003\210417_MtErie_Enterprise_VIS_0003_00000177.jpeg,D:\Hackathons\miniproject5sem\WiSARD_Multi_Modal_Sample\210417_MtErie_Enterprise_VIS_0003\210417_MtErie_Enterprise_VIS_0003_00000177.txt,4
train,178,D:\Hackathons\miniproject5sem\WiSARD_Multi_Modal_Sample\210417_MtErie_Enterprise_VIS_0003\210417_MtErie_Enterprise_VIS_0003_00000178.jpeg,D:\Hackathons\miniproject5sem\WiSARD_Multi_Modal_Sample\210417_MtErie_Enterprise_VIS_0003\210417_MtErie_Enterprise_VIS_0003_00000178.txt,4
train,179,D:\Hackathons\miniproject5sem\WiSARD_Multi_Modal_Sample\210417_MtErie_Enterprise_VIS_0003\210417_MtErie_Enterprise_VIS_0003_00000179.jpeg,D:\Hackathons\miniproject5sem\WiSARD_Multi_Modal_Sample\210417_MtErie_Enterprise_VIS_0003\210417_MtErie_Enterprise_VIS_0003_00000179.txt,4
train,180,D:\Hackathons\miniproject5sem\WiSARD_Multi_Modal_Sample\210417_MtErie_Enterprise_VIS_0003\210417_MtErie_Enterprise_VIS_0003_00000180.jpeg,D:\Hackathons\miniproject5sem\WiSARD_Multi_Modal_Sample\210417_MtErie_Enterprise_VIS_0003\210417_MtErie_Enterprise_VIS_0003_00000180.txt,4
train,181,D:\Hackathons\miniproject5sem\WiSARD_Multi_Modal_Sample\210417_MtErie_Enterprise_VIS_0003\210417_MtErie_Enterprise_VIS_0003_00000181.jpeg,D:\Hackathons\miniproject5sem\WiSARD_Multi_Modal_Sample\210417_MtErie_Enterprise_VIS_0003\210417_MtErie_Enterprise_VIS_0003_00000181.txt,4
train,182,D:\Hackathons\miniproject5sem\WiSARD_Multi_Modal_Sample\210417_MtErie_Enterprise_VIS_0003\210417_MtErie_Enterprise_VIS_0003_00000182.jpeg,D:\Hackathons\miniproject5sem\WiSARD_Multi_Modal_Sample\210417_MtErie_Enterprise_VIS_0003\210417_MtErie_Enterprise_VIS_0003_00000182.txt,4
train,183,D:\Hackathons\miniproject5sem\WiSARD_Multi_Modal_Sample\210417_MtErie_Enterprise_VIS_0003\210417_MtErie_Enterprise_VIS_0003_00000183.jpeg,D:\Hackathons\miniproject5sem\WiSARD_Multi_Modal_Sample\210417_MtErie_Enterprise_VIS_0003\210417_MtErie_Enterprise_VIS_0003_00000183.txt,4
val,184,D:\Hackathons\miniproject5sem\WiSARD_Multi_Modal_Sample\210417_MtErie_Enterprise_VIS_0003\210417_MtErie_Enterprise_VIS_0003_00000184.jpeg,D:\Hackathons\miniproject5sem\WiSARD_Multi_Modal_Sample\210417_MtErie_Enterprise_VIS_0003\210417_MtErie_Enterprise_VIS_0003_00000184.txt,4
val,185,D:\Hackathons\miniproject5sem\WiSARD_Multi_Modal_Sample\210417_MtErie_Enterprise_VIS_0003\210417_MtErie_Enterprise_VIS_0003_00000185.jpeg,D:\Hackathons\miniproject5sem\WiSARD_Multi_Modal_Sample\210417_MtErie_Enterprise_VIS_0003\210417_MtErie_Enterprise_VIS_0003_00000185.txt,4
val,186,D:\Hackathons\miniproject5sem\WiSARD_Multi_Modal_Sample\210417_MtErie_Enterprise_VIS_0003\210417_MtErie_Enterprise_VIS_0003_00000186.jpeg,D:\Hackathons\miniproject5sem\WiSARD_Multi_Modal_Sample\210417_MtErie_Enterprise_VIS_0003\210417_MtErie_Enterprise_VIS_0003_00000186.txt,4
val,187,D:\Hackathons\miniproject5sem\WiSARD_Multi_Modal_Sample\210417_MtErie_Enterprise_VIS_0003\210417_MtErie_Enterprise_VIS_0003_00000187.jpeg,D:\Hackathons\miniproject5sem\WiSARD_Multi_Modal_Sample\210417_MtErie_Enterprise_VIS_0003\210417_MtErie_Enterprise_VIS_0003_00000187.txt,4
val,188,D:\Hackathons\miniproject5sem\WiSARD_Multi_Modal_Sample\210417_MtErie_Enterprise_VIS_0003\210417_MtErie_Enterprise_VIS_0003_00000188.jpeg,D:\Hackathons\miniproject5sem\WiSARD_Multi_Modal_Sample\210417_MtErie_Enterprise_VIS_0003\210417_MtErie_Enterprise_VIS_0003_00000188.txt,4
val,189,D:\Hackathons\miniproject5sem\WiSARD_Multi_Modal_Sample\210417_MtErie_Enterprise_VIS_0003\210417_MtErie_Enterprise_VIS_0003_00000189.jpeg,D:\Hackathons\miniproject5sem\WiSARD_Multi_Modal_Sample\210417_MtErie_Enterprise_VIS_0003\210417_MtErie_Enterprise_VIS_0003_00000189.txt,4
val,190,D:\Hackathons\miniproject5sem\WiSARD_Multi_Modal_Sample\210417_MtErie_Enterprise_VIS_0003\210417_MtErie_Enterprise_VIS_0003_00000190.jpeg,D:\Hackathons\miniproject5sem\WiSARD_Multi_Modal_Sample\210417_MtErie_Enterprise_VIS_0003\210417_MtErie_Enterprise_VIS_0003_00000190.txt,4
val,191,D:\Hackathons\miniproject5sem\WiSARD_Multi_Modal_Sample\210417_MtErie_Enterprise_VIS_0003\210417_MtErie_Enterprise_VIS_0003_00000191.jpeg,D:\Hackathons\miniproject5sem\WiSARD_Multi_Modal_Sample\210417_MtErie_Enterprise_VIS_0003\210417_MtErie_Enterprise_VIS_0003_00000191.txt,4
val,192,D:\Hackathons\miniproject5sem\WiSARD_Multi_Modal_Sample\210417_MtErie_Enterprise_VIS_0003\210417_MtErie_Enterprise_VIS_0003_00000192.jpeg,D:\Hackathons\miniproject5sem\WiSARD_Multi_Modal_Sample\210417_MtErie_Enterprise_VIS_0003\210417_MtErie_Enterprise_VIS_0003_00000192.txt,4
val,193,D:\Hackathons\miniproject5sem\WiSARD_Multi_Modal_Sample\210417_MtErie_Enterprise_VIS_0003\210417_MtErie_Enterprise_VIS_0003_00000193.jpeg,D:\Hackathons\miniproject5sem\WiSARD_Multi_Modal_Sample\210417_MtErie_Enterprise_VIS_0003\210417_MtErie_Enterprise_VIS_0003_00000193.txt,4
val,194,D:\Hackathons\miniproject5sem\WiSARD_Multi_Modal_Sample\210417_MtErie_Enterprise_VIS_0003\210417_MtErie_Enterprise_VIS_0003_00000194.jpeg,D:\Hackathons\miniproject5sem\WiSARD_Multi_Modal_Sample\210417_MtErie_Enterprise_VIS_0003\210417_MtErie_Enterprise_VIS_0003_00000194.txt,4
val,195,D:\Hackathons\miniproject5sem\WiSARD_Multi_Modal_Sample\210417_MtErie_Enterprise_VIS_0003\210417_MtErie_Enterprise_VIS_0003_00000195.jpeg,D:\Hackathons\miniproject5sem\WiSARD_Multi_Modal_Sample\210417_MtErie_Enterprise_VIS_0003\210417_MtErie_Enterprise_VIS_0003_00000195.txt,4
val,196,D:\Hackathons\miniproject5sem\WiSARD_Multi_Modal_Sample\210417_MtErie_Enterprise_VIS_0003\210417_MtErie_Enterprise_VIS_0003_00000196.jpeg,D:\Hackathons\miniproject5sem\WiSARD_Multi_Modal_Sample\210417_MtErie_Enterprise_VIS_0003\210417_MtErie_Enterprise_VIS_0003_00000196.txt,4
val,197,D:\Hackathons\miniproject5sem\WiSARD_Multi_Modal_Sample\210417_MtErie_Enterprise_VIS_0003\210417_MtErie_Enterprise_VIS_0003_00000197.jpeg,D:\Hackathons\miniproject5sem\WiSARD_Multi_Modal_Sample\210417_MtErie_Enterprise_VIS_0003\210417_MtErie_Enterprise_VIS_0003_00000197.txt,4
val,198,D:\Hackathons\miniproject5sem\WiSARD_Multi_Modal_Sample\210417_MtErie_Enterprise_VIS_0003\210417_MtErie_Enterprise_VIS_0003_00000198.jpeg,D:\Hackathons\miniproject5sem\WiSARD_Multi_Modal_Sample\210417_MtErie_Enterprise_VIS_0003\210417_MtErie_Enterprise_VIS_0003_00000198.txt,4
val,199,D:\Hackathons\miniproject5sem\WiSARD_Multi_Modal_Sample\210417_MtErie_Enterprise_VIS_0003\210417_MtErie_Enterprise_VIS_0003_00000199.jpeg,D:\Hackathons\miniproject5sem\WiSARD_Multi_Modal_Sample\210417_MtErie_Enterprise_VIS_0003\210417_MtErie_Enterprise_VIS_0003_00000199.txt,4
val,200,D:\Hackathons\miniproject5sem\WiSARD_Multi_Modal_Sample\210417_MtErie_Enterprise_VIS_0003\210417_MtErie_Enterprise_VIS_0003_00000200.jpeg,D:\Hackathons\miniproject5sem\WiSARD_Multi_Modal_Sample\210417_MtErie_Enterprise_VIS_0003\210417_MtErie_Enterprise_VIS_0003_00000200.txt,4
val,201,D:\Hackathons\miniproject5sem\WiSARD_Multi_Modal_Sample\210417_MtErie_Enterprise_VIS_0003\210417_MtErie_Enterprise_VIS_0003_00000201.jpeg,D:\Hackathons\miniproject5sem\WiSARD_Multi_Modal_Sample\210417_MtErie_Enterprise_VIS_0003\210417_MtErie_Enterprise_VIS_0003_00000201.txt,4
val,202,D:\Hackathons\miniproject5sem\WiSARD_Multi_Modal_Sample\210417_MtErie_Enterprise_VIS_0003\210417_MtErie_Enterprise_VIS_0003_00000202.jpeg,D:\Hackathons\miniproject5sem\WiSARD_Multi_Modal_Sample\210417_MtErie_Enterprise_VIS_0003\210417_MtErie_Enterprise_VIS_0003_00000202.txt,0
val,203,D:\Hackathons\miniproject5sem\WiSARD_Multi_Modal_Sample\210417_MtErie_Enterprise_VIS_0003\210417_MtErie_Enterprise_VIS_0003_00000203.jpeg,D:\Hackathons\miniproject5sem\WiSARD_Multi_Modal_Sample\210417_MtErie_Enterprise_VIS_0003\210417_MtErie_Enterprise_VIS_0003_00000203.txt,0
val,204,D:\Hackathons\miniproject5sem\WiSARD_Multi_Modal_Sample\210417_MtErie_Enterprise_VIS_0003\210417_MtErie_Enterprise_VIS_0003_00000204.jpeg,D:\Hackathons\miniproject5sem\WiSARD_Multi_Modal_Sample\210417_MtErie_Enterprise_VIS_0003\210417_MtErie_Enterprise_VIS_0003_00000204.txt,0
val,205,D:\Hackathons\miniproject5sem\WiSARD_Multi_Modal_Sample\210417_MtErie_Enterprise_VIS_0003\210417_MtErie_Enterprise_VIS_0003_00000205.jpeg,D:\Hackathons\miniproject5sem\WiSARD_Multi_Modal_Sample\210417_MtErie_Enterprise_VIS_0003\210417_MtErie_Enterprise_VIS_0003_00000205.txt,1
val,206,D:\Hackathons\miniproject5sem\WiSARD_Multi_Modal_Sample\210417_MtErie_Enterprise_VIS_0003\210417_MtErie_Enterprise_VIS_0003_00000206.jpeg,D:\Hackathons\miniproject5sem\WiSARD_Multi_Modal_Sample\210417_MtErie_Enterprise_VIS_0003\210417_MtErie_Enterprise_VIS_0003_00000206.txt,4
val,207,D:\Hackathons\miniproject5sem\WiSARD_Multi_Modal_Sample\210417_MtErie_Enterprise_VIS_0003\210417_MtErie_Enterprise_VIS_0003_00000207.jpeg,D:\Hackathons\miniproject5sem\WiSARD_Multi_Modal_Sample\210417_MtErie_Enterprise_VIS_0003\210417_MtErie_Enterprise_VIS_0003_00000207.txt,4
val,208,D:\Hackathons\miniproject5sem\WiSARD_Multi_Modal_Sample\210417_MtErie_Enterprise_VIS_0003\210417_MtErie_Enterprise_VIS_0003_00000208.jpeg,D:\Hackathons\miniproject5sem\WiSARD_Multi_Modal_Sample\210417_MtErie_Enterprise_VIS_0003\210417_MtErie_Enterprise_VIS_0003_00000208.txt,4
val,209,D:\Hackathons\miniproject5sem\WiSARD_Multi_Modal_Sample\210417_MtErie_Enterprise_VIS_0003\210417_MtErie_Enterprise_VIS_0003_00000209.jpeg,D:\Hackathons\miniproject5sem\WiSARD_Multi_Modal_Sample\210417_MtErie_Enterprise_VIS_0003\210417_MtErie_Enterprise_VIS_0003_00000209.txt,4
val,210,D:\Hackathons\miniproject5sem\WiSARD_Multi_Modal_Sample\210417_MtErie_Enterprise_VIS_0003\210417_MtErie_Enterprise_VIS_0003_00000210.jpeg,D:\Hackathons\miniproject5sem\WiSARD_Multi_Modal_Sample\210417_MtErie_Enterprise_VIS_0003\210417_MtErie_Enterprise_VIS_0003_00000210.txt,4
val,211,D:\Hackathons\miniproject5sem\WiSARD_Multi_Modal_Sample\210417_MtErie_Enterprise_VIS_0003\210417_MtErie_Enterprise_VIS_0003_00000211.jpeg,D:\Hackathons\miniproject5sem\WiSARD_Multi_Modal_Sample\210417_MtErie_Enterprise_VIS_0003\210417_MtErie_Enterprise_VIS_0003_00000211.txt,4
val,212,D:\Hackathons\miniproject5sem\WiSARD_Multi_Modal_Sample\210417_MtErie_Enterprise_VIS_0003\210417_MtErie_Enterprise_VIS_0003_00000212.jpeg,D:\Hackathons\miniproject5sem\WiSARD_Multi_Modal_Sample\210417_MtErie_Enterprise_VIS_0003\210417_MtErie_Enterprise_VIS_0003_00000212.txt,4
val,213,D:\Hackathons\miniproject5sem\WiSARD_Multi_Modal_Sample\210417_MtErie_Enterprise_VIS_0003\210417_MtErie_Enterprise_VIS_0003_00000213.jpeg,D:\Hackathons\miniproject5sem\WiSARD_Multi_Modal_Sample\210417_MtErie_Enterprise_VIS_0003\210417_MtErie_Enterprise_VIS_0003_00000213.txt,4
val,214,D:\Hackathons\miniproject5sem\WiSARD_Multi_Modal_Sample\210417_MtErie_Enterprise_VIS_0003\210417_MtErie_Enterprise_VIS_0003_00000214.jpeg,D:\Hackathons\miniproject5sem\WiSARD_Multi_Modal_Sample\210417_MtErie_Enterprise_VIS_0003\210417_MtErie_Enterprise_VIS_0003_00000214.txt,4
val,215,D:\Hackathons\miniproject5sem\WiSARD_Multi_Modal_Sample\210417_MtErie_Enterprise_VIS_0003\210417_MtErie_Enterprise_VIS_0003_00000215.jpeg,D:\Hackathons\miniproject5sem\WiSARD_Multi_Modal_Sample\210417_MtErie_Enterprise_VIS_0003\210417_MtErie_Enterprise_VIS_0003_00000215.txt,4
val,216,D:\Hackathons\miniproject5sem\WiSARD_Multi_Modal_Sample\210417_MtErie_Enterprise_VIS_0003\210417_MtErie_Enterprise_VIS_0003_00000216.jpeg,D:\Hackathons\miniproject5sem\WiSARD_Multi_Modal_Sample\210417_MtErie_Enterprise_VIS_0003\210417_MtErie_Enterprise_VIS_0003_00000216.txt,4
val,217,D:\Hackathons\miniproject5sem\WiSARD_Multi_Modal_Sample\210417_MtErie_Enterprise_VIS_0003\210417_MtErie_Enterprise_VIS_0003_00000217.jpeg,D:\Hackathons\miniproject5sem\WiSARD_Multi_Modal_Sample\210417_MtErie_Enterprise_VIS_0003\210417_MtErie_Enterprise_VIS_0003_00000217.txt,4
val,218,D:\Hackathons\miniproject5sem\WiSARD_Multi_Modal_Sample\210417_MtErie_Enterprise_VIS_0003\210417_MtErie_Enterprise_VIS_0003_00000218.jpeg,D:\Hackathons\miniproject5sem\WiSARD_Multi_Modal_Sample\210417_MtErie_Enterprise_VIS_0003\210417_MtErie_Enterprise_VIS_0003_00000218.txt,4
val,219,D:\Hackathons\miniproject5sem\WiSARD_Multi_Modal_Sample\210417_MtErie_Enterprise_VIS_0003\210417_MtErie_Enterprise_VIS_0003_00000219.jpeg,D:\Hackathons\miniproject5sem\WiSARD_Multi_Modal_Sample\210417_MtErie_Enterprise_VIS_0003\210417_MtErie_Enterprise_VIS_0003_00000219.txt,4
val,220,D:\Hackathons\miniproject5sem\WiSARD_Multi_Modal_Sample\210417_MtErie_Enterprise_VIS_0003\210417_MtErie_Enterprise_VIS_0003_00000220.jpeg,D:\Hackathons\miniproject5sem\WiSARD_Multi_Modal_Sample\210417_MtErie_Enterprise_VIS_0003\210417_MtErie_Enterprise_VIS_0003_00000220.txt,4
val,221,D:\Hackathons\miniproject5sem\WiSARD_Multi_Modal_Sample\210417_MtErie_Enterprise_VIS_0003\210417_MtErie_Enterprise_VIS_0003_00000221.jpeg,D:\Hackathons\miniproject5sem\WiSARD_Multi_Modal_Sample\210417_MtErie_Enterprise_VIS_0003\210417_MtErie_Enterprise_VIS_0003_00000221.txt,4
val,222,D:\Hackathons\miniproject5sem\WiSARD_Multi_Modal_Sample\210417_MtErie_Enterprise_VIS_0003\210417_MtErie_Enterprise_VIS_0003_00000222.jpeg,D:\Hackathons\miniproject5sem\WiSARD_Multi_Modal_Sample\210417_MtErie_Enterprise_VIS_0003\210417_MtErie_Enterprise_VIS_0003_00000222.txt,4
test,223,D:\Hackathons\miniproject5sem\WiSARD_Multi_Modal_Sample\210417_MtErie_Enterprise_VIS_0003\210417_MtErie_Enterprise_VIS_0003_00000223.jpeg,D:\Hackathons\miniproject5sem\WiSARD_Multi_Modal_Sample\210417_MtErie_Enterprise_VIS_0003\210417_MtErie_Enterprise_VIS_0003_00000223.txt,4
test,224,D:\Hackathons\miniproject5sem\WiSARD_Multi_Modal_Sample\210417_MtErie_Enterprise_VIS_0003\210417_MtErie_Enterprise_VIS_0003_00000224.jpeg,D:\Hackathons\miniproject5sem\WiSARD_Multi_Modal_Sample\210417_MtErie_Enterprise_VIS_0003\210417_MtErie_Enterprise_VIS_0003_00000224.txt,4
test,225,D:\Hackathons\miniproject5sem\WiSARD_Multi_Modal_Sample\210417_MtErie_Enterprise_VIS_0003\210417_MtErie_Enterprise_VIS_0003_00000225.jpeg,D:\Hackathons\miniproject5sem\WiSARD_Multi_Modal_Sample\210417_MtErie_Enterprise_VIS_0003\210417_MtErie_Enterprise_VIS_0003_00000225.txt,4
test,226,D:\Hackathons\miniproject5sem\WiSARD_Multi_Modal_Sample\210417_MtErie_Enterprise_VIS_0003\210417_MtErie_Enterprise_VIS_0003_00000226.jpeg,D:\Hackathons\miniproject5sem\WiSARD_Multi_Modal_Sample\210417_MtErie_Enterprise_VIS_0003\210417_MtErie_Enterprise_VIS_0003_00000226.txt,4
test,227,D:\Hackathons\miniproject5sem\WiSARD_Multi_Modal_Sample\210417_MtErie_Enterprise_VIS_0003\210417_MtErie_Enterprise_VIS_0003_00000227.jpeg,D:\Hackathons\miniproject5sem\WiSARD_Multi_Modal_Sample\210417_MtErie_Enterprise_VIS_0003\210417_MtErie_Enterprise_VIS_0003_00000227.txt,4
test,228,D:\Hackathons\miniproject5sem\WiSARD_Multi_Modal_Sample\210417_MtErie_Enterprise_VIS_0003\210417_MtErie_Enterprise_VIS_0003_00000228.jpeg,D:\Hackathons\miniproject5sem\WiSARD_Multi_Modal_Sample\210417_MtErie_Enterprise_VIS_0003\210417_MtErie_Enterprise_VIS_0003_00000228.txt,4
test,229,D:\Hackathons\miniproject5sem\WiSARD_Multi_Modal_Sample\210417_MtErie_Enterprise_VIS_0003\210417_MtErie_Enterprise_VIS_0003_00000229.jpeg,D:\Hackathons\miniproject5sem\WiSARD_Multi_Modal_Sample\210417_MtErie_Enterprise_VIS_0003\210417_MtErie_Enterprise_VIS_0003_00000229.txt,4
test,230,D:\Hackathons\miniproject5sem\WiSARD_Multi_Modal_Sample\210417_MtErie_Enterprise_VIS_0003\210417_MtErie_Enterprise_VIS_0003_00000230.jpeg,D:\Hackathons\miniproject5sem\WiSARD_Multi_Modal_Sample\210417_MtErie_Enterprise_VIS_0003\210417_MtErie_Enterprise_VIS_0003_00000230.txt,4
test,231,D:\Hackathons\miniproject5sem\WiSARD_Multi_Modal_Sample\210417_MtErie_Enterprise_VIS_0003\210417_MtErie_Enterprise_VIS_0003_00000231.jpeg,D:\Hackathons\miniproject5sem\WiSARD_Multi_Modal_Sample\210417_MtErie_Enterprise_VIS_0003\210417_MtErie_Enterprise_VIS_0003_00000231.txt,4
test,232,D:\Hackathons\miniproject5sem\WiSARD_Multi_Modal_Sample\210417_MtErie_Enterprise_VIS_0003\210417_MtErie_Enterprise_VIS_0003_00000232.jpeg,D:\Hackathons\miniproject5sem\WiSARD_Multi_Modal_Sample\210417_MtErie_Enterprise_VIS_0003\210417_MtErie_Enterprise_VIS_0003_00000232.txt,4
test,233,D:\Hackathons\miniproject5sem\WiSARD_Multi_Modal_Sample\210417_MtErie_Enterprise_VIS_0003\210417_MtErie_Enterprise_VIS_0003_00000233.jpeg,D:\Hackathons\miniproject5sem\WiSARD_Multi_Modal_Sample\210417_MtErie_Enterprise_VIS_0003\210417_MtErie_Enterprise_VIS_0003_00000233.txt,4
test,234,D:\Hackathons\miniproject5sem\WiSARD_Multi_Modal_Sample\210417_MtErie_Enterprise_VIS_0003\210417_MtErie_Enterprise_VIS_0003_00000234.jpeg,D:\Hackathons\miniproject5sem\WiSARD_Multi_Modal_Sample\210417_MtErie_Enterprise_VIS_0003\210417_MtErie_Enterprise_VIS_0003_00000234.txt,4
test,235,D:\Hackathons\miniproject5sem\WiSARD_Multi_Modal_Sample\210417_MtErie_Enterprise_VIS_0003\210417_MtErie_Enterprise_VIS_0003_00000235.jpeg,D:\Hackathons\miniproject5sem\WiSARD_Multi_Modal_Sample\210417_MtErie_Enterprise_VIS_0003\210417_MtErie_Enterprise_VIS_0003_00000235.txt,4
test,236,D:\Hackathons\miniproject5sem\WiSARD_Multi_Modal_Sample\210417_MtErie_Enterprise_VIS_0003\210417_MtErie_Enterprise_VIS_0003_00000236.jpeg,D:\Hackathons\miniproject5sem\WiSARD_Multi_Modal_Sample\210417_MtErie_Enterprise_VIS_0003\210417_MtErie_Enterprise_VIS_0003_00000236.txt,4
test,237,D:\Hackathons\miniproject5sem\WiSARD_Multi_Modal_Sample\210417_MtErie_Enterprise_VIS_0003\210417_MtErie_Enterprise_VIS_0003_00000237.jpeg,D:\Hackathons\miniproject5sem\WiSARD_Multi_Modal_Sample\210417_MtErie_Enterprise_VIS_0003\210417_MtErie_Enterprise_VIS_0003_00000237.txt,4
test,238,D:\Hackathons\miniproject5sem\WiSARD_Multi_Modal_Sample\210417_MtErie_Enterprise_VIS_0003\210417_MtErie_Enterprise_VIS_0003_00000238.jpeg,D:\Hackathons\miniproject5sem\WiSARD_Multi_Modal_Sample\210417_MtErie_Enterprise_VIS_0003\210417_MtErie_Enterprise_VIS_0003_00000238.txt,4
test,239,D:\Hackathons\miniproject5sem\WiSARD_Multi_Modal_Sample\210417_MtErie_Enterprise_VIS_0003\210417_MtErie_Enterprise_VIS_0003_00000239.jpeg,D:\Hackathons\miniproject5sem\WiSARD_Multi_Modal_Sample\210417_MtErie_Enterprise_VIS_0003\210417_MtErie_Enterprise_VIS_0003_00000239.txt,4
test,240,D:\Hackathons\miniproject5sem\WiSARD_Multi_Modal_Sample\210417_MtErie_Enterprise_VIS_0003\210417_MtErie_Enterprise_VIS_0003_00000240.jpeg,D:\Hackathons\miniproject5sem\WiSARD_Multi_Modal_Sample\210417_MtErie_Enterprise_VIS_0003\210417_MtErie_Enterprise_VIS_0003_00000240.txt,4
test,241,D:\Hackathons\miniproject5sem\WiSARD_Multi_Modal_Sample\210417_MtErie_Enterprise_VIS_0003\210417_MtErie_Enterprise_VIS_0003_00000241.jpeg,D:\Hackathons\miniproject5sem\WiSARD_Multi_Modal_Sample\210417_MtErie_Enterprise_VIS_0003\210417_MtErie_Enterprise_VIS_0003_00000241.txt,4
test,242,D:\Hackathons\miniproject5sem\WiSARD_Multi_Modal_Sample\210417_MtErie_Enterprise_VIS_0003\210417_MtErie_Enterprise_VIS_0003_00000242.jpeg,D:\Hackathons\miniproject5sem\WiSARD_Multi_Modal_Sample\210417_MtErie_Enterprise_VIS_0003\210417_MtErie_Enterprise_VIS_0003_00000242.txt,4
test,243,D:\Hackathons\miniproject5sem\WiSARD_Multi_Modal_Sample\210417_MtErie_Enterprise_VIS_0003\210417_MtErie_Enterprise_VIS_0003_00000243.jpeg,D:\Hackathons\miniproject5sem\WiSARD_Multi_Modal_Sample\210417_MtErie_Enterprise_VIS_0003\210417_MtErie_Enterprise_VIS_0003_00000243.txt,4
test,244,D:\Hackathons\miniproject5sem\WiSARD_Multi_Modal_Sample\210417_MtErie_Enterprise_VIS_0003\210417_MtErie_Enterprise_VIS_0003_00000244.jpeg,D:\Hackathons\miniproject5sem\WiSARD_Multi_Modal_Sample\210417_MtErie_Enterprise_VIS_0003\210417_MtErie_Enterprise_VIS_0003_00000244.txt,4
test,245,D:\Hackathons\miniproject5sem\WiSARD_Multi_Modal_Sample\210417_MtErie_Enterprise_VIS_0003\210417_MtErie_Enterprise_VIS_0003_00000245.jpeg,D:\Hackathons\miniproject5sem\WiSARD_Multi_Modal_Sample\210417_MtErie_Enterprise_VIS_0003\210417_MtErie_Enterprise_VIS_0003_00000245.txt,4
test,246,D:\Hackathons\miniproject5sem\WiSARD_Multi_Modal_Sample\210417_MtErie_Enterprise_VIS_0003\210417_MtErie_Enterprise_VIS_0003_00000246.jpeg,D:\Hackathons\miniproject5sem\WiSARD_Multi_Modal_Sample\210417_MtErie_Enterprise_VIS_0003\210417_MtErie_Enterprise_VIS_0003_00000246.txt,4
test,247,D:\Hackathons\miniproject5sem\WiSARD_Multi_Modal_Sample\210417_MtErie_Enterprise_VIS_0003\210417_MtErie_Enterprise_VIS_0003_00000247.jpeg,D:\Hackathons\miniproject5sem\WiSARD_Multi_Modal_Sample\210417_MtErie_Enterprise_VIS_0003\210417_MtErie_Enterprise_VIS_0003_00000247.txt,4
test,248,D:\Hackathons\miniproject5sem\WiSARD_Multi_Modal_Sample\210417_MtErie_Enterprise_VIS_0003\210417_MtErie_Enterprise_VIS_0003_00000248.jpeg,D:\Hackathons\miniproject5sem\WiSARD_Multi_Modal_Sample\210417_MtErie_Enterprise_VIS_0003\210417_MtErie_Enterprise_VIS_0003_00000248.txt,4
test,249,D:\Hackathons\miniproject5sem\WiSARD_Multi_Modal_Sample\210417_MtErie_Enterprise_VIS_0003\210417_MtErie_Enterprise_VIS_0003_00000249.jpeg,D:\Hackathons\miniproject5sem\WiSARD_Multi_Modal_Sample\210417_MtErie_Enterprise_VIS_0003\210417_MtErie_Enterprise_VIS_0003_00000249.txt,4
test,250,D:\Hackathons\miniproject5sem\WiSARD_Multi_Modal_Sample\210417_MtErie_Enterprise_VIS_0003\210417_MtErie_Enterprise_VIS_0003_00000250.jpeg,D:\Hackathons\miniproject5sem\WiSARD_Multi_Modal_Sample\210417_MtErie_Enterprise_VIS_0003\210417_MtErie_Enterprise_VIS_0003_00000250.txt,4
test,251,D:\Hackathons\miniproject5sem\WiSARD_Multi_Modal_Sample\210417_MtErie_Enterprise_VIS_0003\210417_MtErie_Enterprise_VIS_0003_00000251.jpeg,D:\Hackathons\miniproject5sem\WiSARD_Multi_Modal_Sample\210417_MtErie_Enterprise_VIS_0003\210417_MtErie_Enterprise_VIS_0003_00000251.txt,4
test,252,D:\Hackathons\miniproject5sem\WiSARD_Multi_Modal_Sample\210417_MtErie_Enterprise_VIS_0003\210417_MtErie_Enterprise_VIS_0003_00000252.jpeg,D:\Hackathons\miniproject5sem\WiSARD_Multi_Modal_Sample\210417_MtErie_Enterprise_VIS_0003\210417_MtErie_Enterprise_VIS_0003_00000252.txt,4
test,253,D:\Hackathons\miniproject5sem\WiSARD_Multi_Modal_Sample\210417_MtErie_Enterprise_VIS_0003\210417_MtErie_Enterprise_VIS_0003_00000253.jpeg,D:\Hackathons\miniproject5sem\WiSARD_Multi_Modal_Sample\210417_MtErie_Enterprise_VIS_0003\210417_MtErie_Enterprise_VIS_0003_00000253.txt,4
test,254,D:\Hackathons\miniproject5sem\WiSARD_Multi_Modal_Sample\210417_MtErie_Enterprise_VIS_0003\210417_MtErie_Enterprise_VIS_0003_00000254.jpeg,D:\Hackathons\miniproject5sem\WiSARD_Multi_Modal_Sample\210417_MtErie_Enterprise_VIS_0003\210417_MtErie_Enterprise_VIS_0003_00000254.txt,4
test,255,D:\Hackathons\miniproject5sem\WiSARD_Multi_Modal_Sample\210417_MtErie_Enterprise_VIS_0003\210417_MtErie_Enterprise_VIS_0003_00000255.jpeg,D:\Hackathons\miniproject5sem\WiSARD_Multi_Modal_Sample\210417_MtErie_Enterprise_VIS_0003\210417_MtErie_Enterprise_VIS_0003_00000255.txt,4
test,256,D:\Hackathons\miniproject5sem\WiSARD_Multi_Modal_Sample\210417_MtErie_Enterprise_VIS_0003\210417_MtErie_Enterprise_VIS_0003_00000256.jpeg,D:\Hackathons\miniproject5sem\WiSARD_Multi_Modal_Sample\210417_MtErie_Enterprise_VIS_0003\210417_MtErie_Enterprise_VIS_0003_00000256.txt,4
test,257,D:\Hackathons\miniproject5sem\WiSARD_Multi_Modal_Sample\210417_MtErie_Enterprise_VIS_0003\210417_MtErie_Enterprise_VIS_0003_00000257.jpeg,D:\Hackathons\miniproject5sem\WiSARD_Multi_Modal_Sample\210417_MtErie_Enterprise_VIS_0003\210417_MtErie_Enterprise_VIS_0003_00000257.txt,4
test,258,D:\Hackathons\miniproject5sem\WiSARD_Multi_Modal_Sample\210417_MtErie_Enterprise_VIS_0003\210417_MtErie_Enterprise_VIS_0003_00000258.jpeg,D:\Hackathons\miniproject5sem\WiSARD_Multi_Modal_Sample\210417_MtErie_Enterprise_VIS_0003\210417_MtErie_Enterprise_VIS_0003_00000258.txt,4
test,259,D:\Hackathons\miniproject5sem\WiSARD_Multi_Modal_Sample\210417_MtErie_Enterprise_VIS_0003\210417_MtErie_Enterprise_VIS_0003_00000259.jpeg,D:\Hackathons\miniproject5sem\WiSARD_Multi_Modal_Sample\210417_MtErie_Enterprise_VIS_0003\210417_MtErie_Enterprise_VIS_0003_00000259.txt,4
test,260,D:\Hackathons\miniproject5sem\WiSARD_Multi_Modal_Sample\210417_MtErie_Enterprise_VIS_0003\210417_MtErie_Enterprise_VIS_0003_00000260.jpeg,D:\Hackathons\miniproject5sem\WiSARD_Multi_Modal_Sample\210417_MtErie_Enterprise_VIS_0003\210417_MtErie_Enterprise_VIS_0003_00000260.txt,4
test,261,D:\Hackathons\miniproject5sem\WiSARD_Multi_Modal_Sample\210417_MtErie_Enterprise_VIS_0003\210417_MtErie_Enterprise_VIS_0003_00000261.jpeg,D:\Hackathons\miniproject5sem\WiSARD_Multi_Modal_Sample\210417_MtErie_Enterprise_VIS_0003\210417_MtErie_Enterprise_VIS_0003_00000261.txt,4
test,262,D:\Hackathons\miniproject5sem\WiSARD_Multi_Modal_Sample\210417_MtErie_Enterprise_VIS_0003\210417_MtErie_Enterprise_VIS_0003_00000262.jpeg,D:\Hackathons\miniproject5sem\WiSARD_Multi_Modal_Sample\210417_MtErie_Enterprise_VIS_0003\210417_MtErie_Enterprise_VIS_0003_00000262.txt,4
test,263,D:\Hackathons\miniproject5sem\WiSARD_Multi_Modal_Sample\210417_MtErie_Enterprise_VIS_0003\210417_MtErie_Enterprise_VIS_0003_00000263.jpeg,D:\Hackathons\miniproject5sem\WiSARD_Multi_Modal_Sample\210417_MtErie_Enterprise_VIS_0003\210417_MtErie_Enterprise_VIS_0003_00000263.txt,4
